-- MySQL dump 10.13  Distrib 8.0.19, for Win64 (x86_64)
--
-- Host: localhost    Database: yizhanshi-system
-- ------------------------------------------------------
-- Server version	8.0.35

/*!40101 SET @OLD_CHARACTER_SET_CLIENT=@@CHARACTER_SET_CLIENT */;
/*!40101 SET @OLD_CHARACTER_SET_RESULTS=@@CHARACTER_SET_RESULTS */;
/*!40101 SET @OLD_COLLATION_CONNECTION=@@COLLATION_CONNECTION */;
/*!50503 SET NAMES utf8mb4 */;
/*!40103 SET @OLD_TIME_ZONE=@@TIME_ZONE */;
/*!40103 SET TIME_ZONE='+00:00' */;
/*!40014 SET @OLD_UNIQUE_CHECKS=@@UNIQUE_CHECKS, UNIQUE_CHECKS=0 */;
/*!40014 SET @OLD_FOREIGN_KEY_CHECKS=@@FOREIGN_KEY_CHECKS, FOREIGN_KEY_CHECKS=0 */;
/*!40101 SET @OLD_SQL_MODE=@@SQL_MODE, SQL_MODE='NO_AUTO_VALUE_ON_ZERO' */;
/*!40111 SET @OLD_SQL_NOTES=@@SQL_NOTES, SQL_NOTES=0 */;

--
-- Table structure for table `business_course`
--

DROP TABLE IF EXISTS `business_course`;
/*!40101 SET @saved_cs_client     = @@character_set_client */;
/*!50503 SET character_set_client = utf8mb4 */;
CREATE TABLE `business_course` (
  `course_id` bigint NOT NULL AUTO_INCREMENT COMMENT '主键',
  `course_name` varchar(100) CHARACTER SET utf8mb4 COLLATE utf8mb4_0900_ai_ci NOT NULL COMMENT '课程名称',
  `course_description` varchar(500) DEFAULT NULL COMMENT '课程描述',
  `course_type` varchar(100) DEFAULT NULL COMMENT '课程类型',
  `teacher_id` bigint NOT NULL COMMENT '老师id',
  `course_check` char(1) CHARACTER SET utf8mb4 COLLATE utf8mb4_0900_ai_ci NOT NULL DEFAULT '0' COMMENT '审核类型（0自动通过 1一级管理员审核即可 2二级管理员还需要审核）',
  `course_number` int NOT NULL DEFAULT '0' COMMENT '课程容纳人数',
  `status` char(1) CHARACTER SET utf8mb4 COLLATE utf8mb4_0900_ai_ci NOT NULL DEFAULT '0' COMMENT '状态（0正常 1停用）',
  `del_flag` char(1) CHARACTER SET utf8mb4 COLLATE utf8mb4_0900_ai_ci NOT NULL DEFAULT '0' COMMENT '删除标志（0存在 2删除）',
  `create_time` datetime DEFAULT NULL,
  `create_by` varchar(100) CHARACTER SET utf8mb4 COLLATE utf8mb4_0900_ai_ci DEFAULT NULL,
  `update_time` datetime DEFAULT NULL,
  `update_by` varchar(100) DEFAULT NULL,
  `remark` varchar(500) DEFAULT NULL,
  PRIMARY KEY (`course_id`)
) ENGINE=InnoDB AUTO_INCREMENT=9 DEFAULT CHARSET=utf8mb4 COLLATE=utf8mb4_0900_ai_ci;
/*!40101 SET character_set_client = @saved_cs_client */;

--
-- Dumping data for table `business_course`
--

LOCK TABLES `business_course` WRITE;
/*!40000 ALTER TABLE `business_course` DISABLE KEYS */;
INSERT INTO `business_course` VALUES (1,'竞赛辅导','ullamco','竞赛',1,'0',10,'0','0','2024-03-05 15:51:23',NULL,'2024-03-21 17:12:37','何嘉乐','exercitation eiusmod'),(2,'心理咨询',NULL,'心理',1,'0',1,'0','0','2024-03-21 16:46:05',NULL,NULL,NULL,NULL),(3,'测试课程','很爱很爱你','测试',1,'1',20,'0','0','2024-03-06 15:28:08','何嘉乐','2024-03-06 15:52:46','何嘉乐',NULL),(4,'测试2','很爱很爱你','测试',1,'1',20,'0','0','2024-03-07 15:16:23','何嘉乐',NULL,NULL,NULL),(5,'给象自线','amet','sint in',1,'1',16,'0','2','2024-03-21 17:02:58','何嘉乐',NULL,NULL,'amet qui incididunt'),(8,'给象自线','amet','sint in',1,'1',16,'0','2','2024-03-21 17:11:32','何嘉乐',NULL,NULL,'amet qui incididunt');
/*!40000 ALTER TABLE `business_course` ENABLE KEYS */;
UNLOCK TABLES;

--
-- Table structure for table `business_course_apply`
--

DROP TABLE IF EXISTS `business_course_apply`;
/*!40101 SET @saved_cs_client     = @@character_set_client */;
/*!50503 SET character_set_client = utf8mb4 */;
CREATE TABLE `business_course_apply` (
  `apply_id` bigint NOT NULL AUTO_INCREMENT COMMENT '主键',
  `apply_name` varchar(100) CHARACTER SET utf8mb4 COLLATE utf8mb4_0900_ai_ci NOT NULL COMMENT '申请人名称',
  `user_studentid` varchar(15) CHARACTER SET utf8mb4 COLLATE utf8mb4_0900_ai_ci NOT NULL COMMENT '申请人学号',
  `course_id` bigint NOT NULL COMMENT '课程id',
  `apply_content` varchar(500) DEFAULT NULL COMMENT '申请内容，可为空',
  `apply_admin1` varchar(15) CHARACTER SET utf8mb4 COLLATE utf8mb4_0900_ai_ci DEFAULT NULL COMMENT '一级管理员学号',
  `apply_admin2` varchar(15) CHARACTER SET utf8mb4 COLLATE utf8mb4_0900_ai_ci DEFAULT NULL COMMENT '二级管理员学号',
  `refuse_reason` varchar(100) DEFAULT NULL COMMENT '拒绝原因，管理员填写',
  `recall_status` char(1) NOT NULL DEFAULT '0' COMMENT '可撤销标志（0可撤销 1不可撤销 2已花费信誉撤销）',
  `recall_reason` varchar(100) DEFAULT NULL COMMENT '撤销理由，预约人填写',
  `status` char(1) CHARACTER SET utf8mb4 COLLATE utf8mb4_0900_ai_ci NOT NULL DEFAULT '0' COMMENT '状态（0已申请  1一级通过 2 二级通过/通过 4撤销 5拒绝）',
  `del_flag` char(1) NOT NULL DEFAULT '0' COMMENT '删除标志（0存在 2删除）',
  `create_time` datetime DEFAULT NULL,
  `create_by` varchar(100) DEFAULT NULL,
  `update_time` datetime DEFAULT NULL,
  `update_by` varchar(100) DEFAULT NULL,
  `remark` varchar(500) DEFAULT NULL,
  `apply_admin1_name` varchar(100) DEFAULT NULL COMMENT '一级管理员姓名',
  `apply_admin2_name` varchar(100) DEFAULT NULL COMMENT '二级管理员姓名',
  PRIMARY KEY (`apply_id`)
) ENGINE=InnoDB AUTO_INCREMENT=8 DEFAULT CHARSET=utf8mb4 COLLATE=utf8mb4_0900_ai_ci COMMENT='课程申请表';
/*!40101 SET character_set_client = @saved_cs_client */;

--
-- Dumping data for table `business_course_apply`
--

LOCK TABLES `business_course_apply` WRITE;
/*!40000 ALTER TABLE `business_course_apply` DISABLE KEYS */;
INSERT INTO `business_course_apply` VALUES (1,'何嘉乐2号','2020014100',1,'1content','2020014588',NULL,NULL,'0',NULL,'0','0','2024-03-05 11:17:57',NULL,NULL,NULL,NULL,'何嘉乐',NULL),(2,'何嘉乐','2020014588',2,'2content','2020014588',NULL,NULL,'1',NULL,'2','0','2024-03-07 11:18:10',NULL,'2024-03-07 12:48:29','何嘉乐',NULL,'何嘉乐',NULL),(3,'何嘉乐','2020014588',1,'3content','2020014588',NULL,NULL,'1',NULL,'1','0','2024-03-07 11:38:52','何嘉乐',NULL,NULL,NULL,'何嘉乐',NULL),(4,'何嘉乐','2020014588',1,'4content','2020014588',NULL,NULL,'0',NULL,'5','0','2024-03-07 11:44:10','何嘉乐',NULL,NULL,NULL,'何嘉乐',NULL),(5,'何嘉乐','2020014588',1,'5content','2020014588',NULL,NULL,'0',NULL,'5','0','2024-03-07 12:31:44','何嘉乐',NULL,NULL,NULL,'何嘉乐',NULL),(6,'何嘉乐','2020014588',1,'6content',NULL,NULL,NULL,'2','测试！','4','0','2024-03-07 12:39:04','何嘉乐','2024-03-07 13:54:57','何嘉乐',NULL,NULL,NULL),(7,'何嘉乐2号','2020014100',4,'in ad',NULL,NULL,NULL,'0',NULL,'0','0','2024-03-21 19:22:21','何嘉乐',NULL,NULL,NULL,NULL,NULL);
/*!40000 ALTER TABLE `business_course_apply` ENABLE KEYS */;
UNLOCK TABLES;

--
-- Table structure for table `business_course_time`
--

DROP TABLE IF EXISTS `business_course_time`;
/*!40101 SET @saved_cs_client     = @@character_set_client */;
/*!50503 SET character_set_client = utf8mb4 */;
CREATE TABLE `business_course_time` (
  `course_time_id` bigint NOT NULL AUTO_INCREMENT COMMENT '主键id',
  `course_day` date NOT NULL COMMENT '课程日期',
  `time_start_id` bigint NOT NULL COMMENT '开始时间id',
  `time_end_id` bigint NOT NULL COMMENT '结束时间id',
  `course_start_time` varchar(10) DEFAULT NULL COMMENT '课程开始时间（08:00）',
  `course_end_time` varchar(10) DEFAULT NULL COMMENT '课程结束时间（09:00）',
  `place_id` bigint NOT NULL COMMENT '场地id',
  `status` char(1) CHARACTER SET utf8mb4 COLLATE utf8mb4_0900_ai_ci NOT NULL DEFAULT '0' COMMENT '状态（0正常 1停用）',
  `del_flag` char(1) NOT NULL DEFAULT '0' COMMENT '删除标志（0存在 2删除）',
  `create_time` datetime DEFAULT NULL,
  `create_by` varchar(100) DEFAULT NULL,
  `update_time` datetime DEFAULT NULL,
  `update_by` varchar(100) DEFAULT NULL,
  `remark` varchar(500) DEFAULT NULL,
  PRIMARY KEY (`course_time_id`)
) ENGINE=InnoDB AUTO_INCREMENT=10 DEFAULT CHARSET=utf8mb4 COLLATE=utf8mb4_0900_ai_ci COMMENT='课程时间表';
/*!40101 SET character_set_client = @saved_cs_client */;

--
-- Dumping data for table `business_course_time`
--

LOCK TABLES `business_course_time` WRITE;
/*!40000 ALTER TABLE `business_course_time` DISABLE KEYS */;
INSERT INTO `business_course_time` VALUES (1,'2024-03-23',1,2,'09:00','09:30',1,'0','0','2024-03-19 17:11:32','何嘉乐',NULL,NULL,NULL),(2,'2024-03-21',3,4,'10:00','10:30',1,'0','0','2024-03-19 17:11:32','何嘉乐',NULL,NULL,NULL),(3,'2024-03-23',2,3,'09:30','10:00',1,'0','0','2024-03-19 17:11:32','何嘉乐',NULL,NULL,NULL),(4,'2024-03-23',3,4,'10:00','10:30',1,'0','0','2024-03-19 17:11:32','何嘉乐',NULL,NULL,NULL),(5,'2024-03-23',4,5,'10:30','11:00',2,'0','0','2024-03-19 17:11:32','何嘉乐',NULL,NULL,NULL),(6,'2024-03-18',1,2,'09:00','09:30',1,'0','2','2024-03-21 17:11:32','何嘉乐',NULL,NULL,NULL),(7,'2024-03-24',1,2,'09:00','09:30',2,'0','2','2024-03-22 12:27:27','何嘉乐',NULL,NULL,NULL),(8,'2024-03-24',3,4,'09:00','10:00',2,'0','2','2024-03-22 12:28:39','何嘉乐',NULL,NULL,NULL),(9,'2024-03-24',3,4,'10:00','10:30',2,'0','2','2024-03-22 12:34:39','何嘉乐',NULL,NULL,NULL);
/*!40000 ALTER TABLE `business_course_time` ENABLE KEYS */;
UNLOCK TABLES;

--
-- Table structure for table `business_course_time_related`
--

DROP TABLE IF EXISTS `business_course_time_related`;
/*!40101 SET @saved_cs_client     = @@character_set_client */;
/*!50503 SET character_set_client = utf8mb4 */;
CREATE TABLE `business_course_time_related` (
  `course_id` bigint NOT NULL,
  `course_time_id` bigint NOT NULL COMMENT '课程时间id',
  PRIMARY KEY (`course_id`,`course_time_id`)
) ENGINE=InnoDB DEFAULT CHARSET=utf8mb4 COLLATE=utf8mb4_0900_ai_ci COMMENT='课程与时间关联表';
/*!40101 SET character_set_client = @saved_cs_client */;

--
-- Dumping data for table `business_course_time_related`
--

LOCK TABLES `business_course_time_related` WRITE;
/*!40000 ALTER TABLE `business_course_time_related` DISABLE KEYS */;
INSERT INTO `business_course_time_related` VALUES (1,1),(2,2),(3,3),(4,4),(4,5);
/*!40000 ALTER TABLE `business_course_time_related` ENABLE KEYS */;
UNLOCK TABLES;

--
-- Table structure for table `business_label`
--

DROP TABLE IF EXISTS `business_label`;
/*!40101 SET @saved_cs_client     = @@character_set_client */;
/*!50503 SET character_set_client = utf8mb4 */;
CREATE TABLE `business_label` (
  `label_id` bigint NOT NULL AUTO_INCREMENT COMMENT '主键',
  `label_name` varchar(100) CHARACTER SET utf8mb4 COLLATE utf8mb4_0900_ai_ci NOT NULL COMMENT '标签名称',
  `label_type` varchar(100) CHARACTER SET utf8mb4 COLLATE utf8mb4_0900_ai_ci DEFAULT '其他' COMMENT '标签类型',
  `status` char(1) NOT NULL DEFAULT '0' COMMENT '状态（0启用 1停用）',
  `del_flag` char(1) NOT NULL DEFAULT '0' COMMENT '删除标志（0存在 2删除）',
  `create_time` datetime DEFAULT NULL COMMENT '创建时间',
  `create_by` varchar(100) DEFAULT NULL COMMENT '创建人姓名',
  `update_time` datetime DEFAULT NULL COMMENT '更新人时间',
  `update_by` varchar(100) DEFAULT NULL COMMENT '更新人名称',
  `remark` varchar(500) DEFAULT NULL COMMENT '备注',
  PRIMARY KEY (`label_id`)
) ENGINE=InnoDB AUTO_INCREMENT=6 DEFAULT CHARSET=utf8mb4 COLLATE=utf8mb4_0900_ai_ci COMMENT='标签表';
/*!40101 SET character_set_client = @saved_cs_client */;

--
-- Dumping data for table `business_label`
--

LOCK TABLES `business_label` WRITE;
/*!40000 ALTER TABLE `business_label` DISABLE KEYS */;
INSERT INTO `business_label` VALUES (1,'王者荣耀test','游戏','0','0','2024-03-12 16:14:57','何嘉乐','2024-03-22 17:07:09','何嘉乐',NULL),(2,'王者荣耀','游戏','0','0','2024-03-12 16:16:14','何嘉乐',NULL,NULL,NULL),(3,'摄影','摄影','0','0','2024-03-12 16:16:42','何嘉乐',NULL,NULL,NULL),(4,'化妆','美妆','0','0','2024-03-22 17:04:49','何嘉乐',NULL,NULL,NULL),(5,'电竞','其他','0','0','2024-03-22 17:15:03','何嘉乐',NULL,NULL,NULL);
/*!40000 ALTER TABLE `business_label` ENABLE KEYS */;
UNLOCK TABLES;

--
-- Table structure for table `business_place`
--

DROP TABLE IF EXISTS `business_place`;
/*!40101 SET @saved_cs_client     = @@character_set_client */;
/*!50503 SET character_set_client = utf8mb4 */;
CREATE TABLE `business_place` (
  `place_id` bigint unsigned NOT NULL AUTO_INCREMENT COMMENT '主键',
  `place_name` varchar(100) NOT NULL COMMENT '场地名称',
  `place_campus` varchar(100) CHARACTER SET utf8mb4 COLLATE utf8mb4_0900_ai_ci NOT NULL COMMENT '场地位置（北校区 南校区 等字符串）',
  `place_description` varchar(500) DEFAULT NULL COMMENT '场地描述',
  `place_capacity` int DEFAULT NULL COMMENT '场地容量',
  `manager_name` varchar(100) DEFAULT NULL COMMENT '管理者姓名',
  `manager_phone` varchar(15) DEFAULT NULL COMMENT '管理者电话',
  `place_picture1` varchar(100) DEFAULT NULL COMMENT '图片1',
  `place_picture2` varchar(100) DEFAULT NULL,
  `place_picture3` varchar(100) DEFAULT NULL COMMENT '图片3',
  `status` char(1) CHARACTER SET utf8mb4 COLLATE utf8mb4_0900_ai_ci NOT NULL DEFAULT '0' COMMENT '场地状态（0启用 1停用）',
  `del_flag` char(1) CHARACTER SET utf8mb4 COLLATE utf8mb4_0900_ai_ci NOT NULL DEFAULT '0' COMMENT '删除标志（0存在 2删除）',
  `create_time` datetime DEFAULT NULL,
  `create_by` varchar(100) DEFAULT NULL,
  `update_time` datetime DEFAULT NULL,
  `update_by` varchar(100) DEFAULT NULL,
  `remark` varchar(500) DEFAULT NULL COMMENT '备注',
  PRIMARY KEY (`place_id`)
) ENGINE=InnoDB AUTO_INCREMENT=4 DEFAULT CHARSET=utf8mb4 COLLATE=utf8mb4_0900_ai_ci COMMENT='场地信息表';
/*!40101 SET character_set_client = @saved_cs_client */;

--
-- Dumping data for table `business_place`
--

LOCK TABLES `business_place` WRITE;
/*!40000 ALTER TABLE `business_place` DISABLE KEYS */;
INSERT INTO `business_place` VALUES (1,'18-1教师','北校区','h熬好后',20,NULL,'12312341234','',NULL,NULL,'0','0','2024-02-28 16:55:22','admin',NULL,NULL,NULL),(2,'23-1','南校区','123124451',30,NULL,NULL,NULL,NULL,NULL,'0','0','2024-02-28 16:56:45','admin',NULL,NULL,NULL),(3,'18-2test竞赛室','北校区','好好好',30,'适与计将采组','18188512775','http://dummyimage.com/400x400','http://dummyimage.com/400x400','http://dummyimage.com/400x400','0','0','2024-02-28 17:46:55',NULL,'2024-02-28 17:49:37',NULL,'dolor minim');
/*!40000 ALTER TABLE `business_place` ENABLE KEYS */;
UNLOCK TABLES;

--
-- Table structure for table `business_place_apply`
--

DROP TABLE IF EXISTS `business_place_apply`;
/*!40101 SET @saved_cs_client     = @@character_set_client */;
/*!50503 SET character_set_client = utf8mb4 */;
CREATE TABLE `business_place_apply` (
  `apply_id` bigint NOT NULL AUTO_INCREMENT,
  `apply_name` varchar(100) CHARACTER SET utf8mb4 COLLATE utf8mb4_0900_ai_ci NOT NULL COMMENT '申请人名称',
  `user_studentid` varchar(15) CHARACTER SET utf8mb4 COLLATE utf8mb4_0900_ai_ci NOT NULL COMMENT '学号',
  `instructor_name` varchar(100) DEFAULT NULL COMMENT '指导老师姓名',
  `instructor_studentid` varchar(15) DEFAULT NULL COMMENT '指导老师学号',
  `instructor_organization` varchar(100) CHARACTER SET utf8mb4 COLLATE utf8mb4_0900_ai_ci DEFAULT NULL COMMENT 'instructor_orgnization',
  `instructor_phone` varchar(15) DEFAULT NULL COMMENT '指导老师电话',
  `apply_number` int DEFAULT NULL COMMENT '预计使用人数',
  `reason_id` bigint NOT NULL COMMENT '申请原因id',
  `apply_organization` varchar(100) DEFAULT NULL COMMENT '申请组织（个人 团体）',
  `apply_content` varchar(100) DEFAULT NULL COMMENT '申请内容',
  `apply_admin1` varchar(15) CHARACTER SET utf8mb4 COLLATE utf8mb4_0900_ai_ci DEFAULT NULL COMMENT '管理员学号1',
  `apply_admin2` varchar(15) CHARACTER SET utf8mb4 COLLATE utf8mb4_0900_ai_ci DEFAULT NULL COMMENT '管理员学号2',
  `refuse_reason` varchar(100) DEFAULT NULL COMMENT '拒绝原因，管理员填写',
  `recall_reason` varchar(100) DEFAULT NULL COMMENT '撤销理由，预约人填写',
  `status` char(1) CHARACTER SET utf8mb4 COLLATE utf8mb4_0900_ai_ci NOT NULL DEFAULT '0' COMMENT '状态（0已申请  1一级通过 2 二级通过 4撤销 5拒绝）',
  `del_flag` char(1) CHARACTER SET utf8mb4 COLLATE utf8mb4_0900_ai_ci NOT NULL DEFAULT '0' COMMENT '删除标志（0存在 2删除）',
  `create_time` datetime DEFAULT NULL COMMENT '创建时间',
  `create_by` varchar(100) DEFAULT NULL,
  `update_time` datetime DEFAULT NULL,
  `update_by` varchar(100) DEFAULT NULL,
  `remark` varchar(500) DEFAULT NULL,
  `recall_status` char(1) CHARACTER SET utf8mb4 COLLATE utf8mb4_0900_ai_ci NOT NULL DEFAULT '0' COMMENT '可撤销标志（0可撤销 1不可撤销 2已花费信誉撤销）',
  `fudao_name` varchar(100) DEFAULT NULL COMMENT '辅导员姓名',
  `fudao_studentid` varchar(15) DEFAULT NULL COMMENT '辅导员学号',
  `fudao_organization` varchar(100) DEFAULT NULL COMMENT '辅导员学院',
  `fudao_phone` varchar(15) DEFAULT NULL COMMENT '辅导员电话',
  `apply_admin1_name` varchar(100) CHARACTER SET utf8mb4 COLLATE utf8mb4_0900_ai_ci DEFAULT NULL COMMENT '一级管理员姓名',
  `apply_admin2_name` varchar(100) CHARACTER SET utf8mb4 COLLATE utf8mb4_0900_ai_ci DEFAULT NULL COMMENT '二级管理员姓名',
  PRIMARY KEY (`apply_id`)
) ENGINE=InnoDB AUTO_INCREMENT=16 DEFAULT CHARSET=utf8mb4 COLLATE=utf8mb4_0900_ai_ci COMMENT='申请场地表';
/*!40101 SET character_set_client = @saved_cs_client */;

--
-- Dumping data for table `business_place_apply`
--

LOCK TABLES `business_place_apply` WRITE;
/*!40000 ALTER TABLE `business_place_apply` DISABLE KEYS */;
INSERT INTO `business_place_apply` VALUES (1,'何嘉乐2号','2020014100',NULL,NULL,NULL,NULL,1,1,NULL,'好好好',NULL,NULL,NULL,NULL,'0','2','2024-02-28 18:13:23','admin','2024-03-19 16:11:20','何嘉乐','哈哈','0',NULL,NULL,NULL,NULL,NULL,NULL),(2,'何嘉乐1号','2020014759','革又几元世1','44','laboris commodo labore laborum ea','18646369284',15,1,NULL,'测试',NULL,NULL,NULL,NULL,'5','0','2024-02-27 12:06:17',NULL,'2024-02-29 12:38:08',NULL,NULL,'1',NULL,NULL,NULL,NULL,NULL,NULL),(3,'何嘉乐1号','2020014759','革又几元世2','44','laboris commodo labore laborum ea','18646369284',15,1,NULL,'测试','2020014588',NULL,NULL,NULL,'2','0','2024-02-27 12:10:00',NULL,'2024-03-19 17:10:13','何嘉乐',NULL,'1',NULL,NULL,NULL,NULL,'何嘉乐',NULL),(4,'何嘉乐1号','2020014759','革又几元世3','44','laboris commodo labore laborum ea','18646369284',15,1,NULL,'测试',NULL,NULL,NULL,'不想去了','4','0','2024-02-27 12:10:48',NULL,'2024-02-29 15:50:04','何嘉乐2号',NULL,'2',NULL,NULL,NULL,NULL,NULL,NULL),(5,'何嘉乐1号','2020014759',NULL,'44',NULL,'18646369284',15,2,NULL,'测试','2020014588',NULL,NULL,NULL,'0','2','2024-03-07 15:12:06','何嘉乐','2024-03-11 13:59:50','何嘉乐',NULL,'1',NULL,NULL,NULL,NULL,'何嘉乐',NULL),(6,'何嘉乐1号','2020014759',NULL,'44',NULL,'18646369284',15,1,NULL,'测试',NULL,NULL,NULL,NULL,'0','2','2024-03-07 15:15:50','何嘉乐',NULL,NULL,NULL,'0',NULL,NULL,NULL,NULL,NULL,NULL),(14,'何嘉乐','2020014588','界受克看线每','50',NULL,'19854368205',98,1,NULL,NULL,NULL,NULL,NULL,NULL,'0','0','2024-03-19 17:11:23','何嘉乐',NULL,NULL,NULL,'0',NULL,NULL,NULL,NULL,NULL,NULL),(15,'何嘉乐','2020014588','界受克看线每2','50',NULL,'19854368205',98,1,NULL,NULL,NULL,NULL,NULL,NULL,'0','0','2024-03-19 17:12:50','何嘉乐',NULL,NULL,NULL,'0',NULL,NULL,NULL,NULL,NULL,NULL);
/*!40000 ALTER TABLE `business_place_apply` ENABLE KEYS */;
UNLOCK TABLES;

--
-- Table structure for table `business_place_apply_time`
--

DROP TABLE IF EXISTS `business_place_apply_time`;
/*!40101 SET @saved_cs_client     = @@character_set_client */;
/*!50503 SET character_set_client = utf8mb4 */;
CREATE TABLE `business_place_apply_time` (
  `apply_time_id` bigint NOT NULL AUTO_INCREMENT COMMENT '主键',
  `place_id` bigint NOT NULL COMMENT '场地id',
  `apply_day` date NOT NULL COMMENT '预约日期',
  `time_start_id` bigint NOT NULL COMMENT '开始时间id',
  `apply_start_time` varchar(10) DEFAULT NULL COMMENT '开始时间',
  `time_end_id` bigint NOT NULL COMMENT '结束时间id',
  `apply_end_time` varchar(10) DEFAULT NULL COMMENT '结束时间',
  `status` char(1) NOT NULL DEFAULT '0' COMMENT '状态（0正常 1停用）',
  `del_flag` char(1) NOT NULL DEFAULT '0' COMMENT '删除标志（0存在 2删除）',
  `create_time` datetime DEFAULT NULL,
  `create_by` varchar(100) DEFAULT NULL,
  `update_time` datetime DEFAULT NULL,
  `update_by` varchar(100) DEFAULT NULL,
  `remark` varchar(500) DEFAULT NULL,
  PRIMARY KEY (`apply_time_id`)
) ENGINE=InnoDB AUTO_INCREMENT=14 DEFAULT CHARSET=utf8mb4 COLLATE=utf8mb4_0900_ai_ci COMMENT='预约场地时间表';
/*!40101 SET character_set_client = @saved_cs_client */;

--
-- Dumping data for table `business_place_apply_time`
--

LOCK TABLES `business_place_apply_time` WRITE;
/*!40000 ALTER TABLE `business_place_apply_time` DISABLE KEYS */;
INSERT INTO `business_place_apply_time` VALUES (1,1,'2024-03-18',1,'09:00',2,'09:30','0','0','2024-03-19 13:47:39','何嘉乐',NULL,NULL,NULL),(2,3,'2024-03-18',2,'09:30',3,'10:00','0','0','2024-03-18 13:47:45','何嘉乐',NULL,NULL,NULL),(3,1,'2024-03-19',2,'09:30',3,'10:00','0','0','2024-03-16 13:47:47','何嘉乐',NULL,NULL,NULL),(4,1,'2024-03-19',1,'09:00',2,'09:30','0','0',NULL,'何嘉乐',NULL,NULL,NULL),(5,1,'2024-03-20',1,'09:00',2,'09:30','0','2',NULL,'何嘉乐',NULL,NULL,NULL),(9,1,'2024-03-20',1,'09:00',2,'09:30','0','0','2024-03-19 17:11:23','何嘉乐',NULL,NULL,NULL),(10,1,'2024-03-20',3,'10:00',4,'10:30','0','0','2024-03-19 17:11:23','何嘉乐',NULL,NULL,NULL),(11,1,'2024-03-21',1,'09:00',2,'09:30','0','0','2024-03-19 17:12:50','何嘉乐',NULL,NULL,NULL),(12,2,'2024-03-24',3,'10:00',4,'10:30','0','0','2024-03-19 17:12:50','何嘉乐',NULL,NULL,NULL),(13,1,'2024-03-22',1,'09:00',2,'09:30','0','2','2024-03-22 11:26:33','何嘉乐',NULL,NULL,NULL);
/*!40000 ALTER TABLE `business_place_apply_time` ENABLE KEYS */;
UNLOCK TABLES;

--
-- Table structure for table `business_place_apply_time_related`
--

DROP TABLE IF EXISTS `business_place_apply_time_related`;
/*!40101 SET @saved_cs_client     = @@character_set_client */;
/*!50503 SET character_set_client = utf8mb4 */;
CREATE TABLE `business_place_apply_time_related` (
  `apply_time_id` bigint NOT NULL COMMENT '预约时间id',
  `apply_id` bigint NOT NULL COMMENT '预约单id',
  PRIMARY KEY (`apply_time_id`,`apply_id`)
) ENGINE=InnoDB DEFAULT CHARSET=utf8mb4 COLLATE=utf8mb4_0900_ai_ci COMMENT='场地预约和时间关联表';
/*!40101 SET character_set_client = @saved_cs_client */;

--
-- Dumping data for table `business_place_apply_time_related`
--

LOCK TABLES `business_place_apply_time_related` WRITE;
/*!40000 ALTER TABLE `business_place_apply_time_related` DISABLE KEYS */;
INSERT INTO `business_place_apply_time_related` VALUES (1,2),(2,2),(3,3),(4,4),(9,14),(10,14),(11,15),(12,15);
/*!40000 ALTER TABLE `business_place_apply_time_related` ENABLE KEYS */;
UNLOCK TABLES;

--
-- Table structure for table `business_place_reason`
--

DROP TABLE IF EXISTS `business_place_reason`;
/*!40101 SET @saved_cs_client     = @@character_set_client */;
/*!50503 SET character_set_client = utf8mb4 */;
CREATE TABLE `business_place_reason` (
  `reason_id` bigint NOT NULL AUTO_INCREMENT,
  `reason_name` varchar(100) CHARACTER SET utf8mb4 COLLATE utf8mb4_0900_ai_ci NOT NULL COMMENT '原因名称',
  `reason_type` varchar(10) CHARACTER SET utf8mb4 COLLATE utf8mb4_0900_ai_ci NOT NULL COMMENT '原因类别（BIG 大活动； SMALL 小型活动 ）',
  PRIMARY KEY (`reason_id`)
) ENGINE=InnoDB AUTO_INCREMENT=4 DEFAULT CHARSET=utf8mb4 COLLATE=utf8mb4_0900_ai_ci COMMENT='场地申请原因表';
/*!40101 SET character_set_client = @saved_cs_client */;

--
-- Dumping data for table `business_place_reason`
--

LOCK TABLES `business_place_reason` WRITE;
/*!40000 ALTER TABLE `business_place_reason` DISABLE KEYS */;
INSERT INTO `business_place_reason` VALUES (1,'小活动','SMALL'),(2,'大活动','BIG');
/*!40000 ALTER TABLE `business_place_reason` ENABLE KEYS */;
UNLOCK TABLES;

--
-- Table structure for table `business_talent_apply`
--

DROP TABLE IF EXISTS `business_talent_apply`;
/*!40101 SET @saved_cs_client     = @@character_set_client */;
/*!50503 SET character_set_client = utf8mb4 */;
CREATE TABLE `business_talent_apply` (
  `apply_id` bigint NOT NULL AUTO_INCREMENT COMMENT '主键',
  `apply_name` varchar(100) CHARACTER SET utf8mb4 COLLATE utf8mb4_0900_ai_ci NOT NULL COMMENT '申请人名称',
  `user_studentid` varchar(15) NOT NULL COMMENT '申请人学号',
  `talent_studentid` varchar(15) NOT NULL COMMENT '人才学号',
  `apply_content` varchar(500) CHARACTER SET utf8mb4 COLLATE utf8mb4_0900_ai_ci DEFAULT NULL COMMENT '申请内容',
  `apply_start_day` date DEFAULT NULL COMMENT '开始日期',
  `apply_end_day` date DEFAULT NULL COMMENT '结束日期',
  `status` char(1) NOT NULL DEFAULT '0' COMMENT '状态（0已申请 2已同意 4已撤销 5已拒绝）',
  `del_flag` char(1) NOT NULL DEFAULT '0' COMMENT '删除标志（0存在 2删除）',
  `create_time` datetime DEFAULT NULL,
  `create_by` varchar(100) DEFAULT NULL COMMENT '创建人姓名',
  `update_time` datetime DEFAULT NULL,
  `update_by` varchar(100) DEFAULT NULL,
  `remark` varchar(500) DEFAULT NULL COMMENT '备注',
  `refuse_reason` varchar(100) DEFAULT NULL COMMENT '拒绝理由',
  `recall_status` char(1) CHARACTER SET utf8mb4 COLLATE utf8mb4_0900_ai_ci NOT NULL DEFAULT '0' COMMENT '可撤销标志（0可撤销 1不可撤销）',
  `recall_reason` varchar(100) DEFAULT NULL COMMENT '撤销理由',
  `comment_id` bigint DEFAULT NULL COMMENT '评价单id',
  PRIMARY KEY (`apply_id`)
) ENGINE=InnoDB AUTO_INCREMENT=13 DEFAULT CHARSET=utf8mb4 COLLATE=utf8mb4_0900_ai_ci COMMENT='人才申请表';
/*!40101 SET character_set_client = @saved_cs_client */;

--
-- Dumping data for table `business_talent_apply`
--

LOCK TABLES `business_talent_apply` WRITE;
/*!40000 ALTER TABLE `business_talent_apply` DISABLE KEYS */;
INSERT INTO `business_talent_apply` VALUES (1,'何嘉乐2号','2020014100','2020014588',NULL,'2024-03-22','2024-03-23','0','0','2024-03-24 15:13:14','何嘉乐2号',NULL,NULL,NULL,NULL,'0',NULL,NULL),(2,'何嘉乐2号','2020014100','2020014588','哈哈www','2024-03-22','2024-03-23','2','0','2024-03-24 16:51:29','何嘉乐','2024-03-24 18:13:02','何嘉乐',NULL,NULL,'1',NULL,1),(3,'何嘉乐2号','2020014100','2020014588','哈哈','2024-03-22','2024-03-23','0','2','2024-03-24 17:12:38','何嘉乐',NULL,NULL,NULL,NULL,'0',NULL,NULL),(4,'何嘉乐2号','2020014100','2020014588','哈哈','2024-03-22','2024-03-23','4','0','2024-03-24 17:16:22','何嘉乐','2024-03-24 18:30:15','何嘉乐',NULL,NULL,'0','傻逼',NULL),(5,'何嘉乐2号','2020014100','2020014588','哈哈','2024-03-22','2024-03-23','2','0','2024-03-24 17:45:52','何嘉乐',NULL,NULL,NULL,NULL,'1',NULL,2),(6,'何嘉乐2号','2020014100','2020014588','哈哈','2024-03-22','2024-03-23','2','0','2024-03-24 17:45:53','何嘉乐',NULL,NULL,NULL,NULL,'1',NULL,3),(7,'何嘉乐2号','2020014100','2020014588','哈哈','2024-03-22','2024-03-23','2','0','2024-03-24 17:45:54','何嘉乐','2024-03-25 11:02:18',NULL,NULL,NULL,'0',NULL,5),(8,'何嘉乐2号','2020014100','2020014588','哈哈','2024-03-22','2024-03-23','0','0','2024-03-24 17:45:56','何嘉乐',NULL,NULL,NULL,NULL,'0',NULL,NULL),(9,'何嘉乐2号','2020014100','2020014588','哈哈','2024-03-22','2024-03-23','0','0','2024-03-24 17:45:57','何嘉乐',NULL,NULL,NULL,NULL,'0',NULL,NULL),(10,'何嘉乐2号','2020014100','2020014588','哈哈','2024-03-22','2024-03-23','0','0','2024-03-24 17:45:58','何嘉乐',NULL,NULL,NULL,NULL,'0',NULL,NULL),(11,'何嘉乐2号','2020014100','2020014588','哈哈','2024-03-22','2024-03-23','0','0','2024-03-24 17:46:45','何嘉乐',NULL,NULL,NULL,NULL,'0',NULL,NULL),(12,'何嘉乐2号','2020014100','2020014588','哈哈','2024-03-22','2024-03-23','2','0','2024-03-25 13:34:03','何嘉乐','2024-03-25 13:35:45','何嘉乐',NULL,NULL,'1',NULL,NULL);
/*!40000 ALTER TABLE `business_talent_apply` ENABLE KEYS */;
UNLOCK TABLES;

--
-- Table structure for table `business_talent_comment`
--

DROP TABLE IF EXISTS `business_talent_comment`;
/*!40101 SET @saved_cs_client     = @@character_set_client */;
/*!50503 SET character_set_client = utf8mb4 */;
CREATE TABLE `business_talent_comment` (
  `comment_id` bigint NOT NULL AUTO_INCREMENT COMMENT '主键',
  `talent_studentid` varchar(15) NOT NULL COMMENT '人才学号',
  `comment_star` char(1) CHARACTER SET utf8mb4 COLLATE utf8mb4_0900_ai_ci NOT NULL DEFAULT '5' COMMENT '1-5星级',
  `comment_content` varchar(500) DEFAULT NULL COMMENT '评价内容',
  `status` char(1) NOT NULL DEFAULT '0' COMMENT '状态（0正常 1停用）',
  `del_flag` char(1) NOT NULL DEFAULT '0' COMMENT '状态（0正常 1停用）',
  `create_time` datetime DEFAULT NULL,
  `create_by` varchar(100) DEFAULT NULL,
  `update_time` datetime DEFAULT NULL,
  `update_by` varchar(100) DEFAULT NULL,
  `remark` varchar(500) DEFAULT NULL,
  PRIMARY KEY (`comment_id`)
) ENGINE=InnoDB AUTO_INCREMENT=6 DEFAULT CHARSET=utf8mb4 COLLATE=utf8mb4_0900_ai_ci COMMENT='人才评价表';
/*!40101 SET character_set_client = @saved_cs_client */;

--
-- Dumping data for table `business_talent_comment`
--

LOCK TABLES `business_talent_comment` WRITE;
/*!40000 ALTER TABLE `business_talent_comment` DISABLE KEYS */;
INSERT INTO `business_talent_comment` VALUES (1,'2020014588','5','haha','0','0','2024-03-25 10:45:44','何嘉乐',NULL,NULL,NULL),(2,'2020014588','5','shabi','0','2',NULL,NULL,'2024-03-25 11:04:28','何嘉乐',NULL),(3,'2020014588','1','傻','0','0',NULL,NULL,NULL,NULL,NULL),(4,'2020014588','4','还行','0','2','2024-03-25 10:58:09','何嘉乐',NULL,NULL,NULL),(5,'2020014588','4','还行','0','0','2024-03-25 11:02:18','何嘉乐',NULL,NULL,NULL);
/*!40000 ALTER TABLE `business_talent_comment` ENABLE KEYS */;
UNLOCK TABLES;

--
-- Table structure for table `business_talent_label`
--

DROP TABLE IF EXISTS `business_talent_label`;
/*!40101 SET @saved_cs_client     = @@character_set_client */;
/*!50503 SET character_set_client = utf8mb4 */;
CREATE TABLE `business_talent_label` (
  `user_studentid` varchar(15) NOT NULL COMMENT '学号',
  `label_id` bigint NOT NULL COMMENT '标签id'
) ENGINE=InnoDB DEFAULT CHARSET=utf8mb4 COLLATE=utf8mb4_0900_ai_ci COMMENT='人才与标签关联表';
/*!40101 SET character_set_client = @saved_cs_client */;

--
-- Dumping data for table `business_talent_label`
--

LOCK TABLES `business_talent_label` WRITE;
/*!40000 ALTER TABLE `business_talent_label` DISABLE KEYS */;
INSERT INTO `business_talent_label` VALUES ('2020014588',1),('2020014588',2);
/*!40000 ALTER TABLE `business_talent_label` ENABLE KEYS */;
UNLOCK TABLES;

--
-- Table structure for table `business_teacher`
--

DROP TABLE IF EXISTS `business_teacher`;
/*!40101 SET @saved_cs_client     = @@character_set_client */;
/*!50503 SET character_set_client = utf8mb4 */;
CREATE TABLE `business_teacher` (
  `teacher_id` bigint NOT NULL AUTO_INCREMENT COMMENT '主键',
  `teacher_name` varchar(100) CHARACTER SET utf8mb4 COLLATE utf8mb4_0900_ai_ci NOT NULL COMMENT '老师姓名',
  `teacher_sex` char(1) CHARACTER SET utf8mb4 COLLATE utf8mb4_0900_ai_ci DEFAULT '2' COMMENT '老师性别 0男1女 2 未知',
  `teacher_age` int DEFAULT NULL COMMENT '老师年龄',
  `teacher_studentid` varchar(15) CHARACTER SET utf8mb4 COLLATE utf8mb4_0900_ai_ci DEFAULT NULL COMMENT '老师学号',
  `teacher_description` varchar(500) DEFAULT NULL COMMENT '老师介绍',
  `teacher_picture` varchar(100) DEFAULT NULL,
  `teacher_email` varchar(50) DEFAULT NULL COMMENT '老师邮箱',
  `teacher_phone` varchar(15) DEFAULT NULL COMMENT '电话',
  `teacher_qq` varchar(50) DEFAULT NULL,
  `teacher_wechat` varchar(50) DEFAULT NULL,
  `status` char(1) CHARACTER SET utf8mb4 COLLATE utf8mb4_0900_ai_ci NOT NULL DEFAULT '0' COMMENT '状态（0正常 1停用）',
  `del_flag` char(1) CHARACTER SET utf8mb4 COLLATE utf8mb4_0900_ai_ci NOT NULL DEFAULT '0' COMMENT '删除标志（0存在 2删除）',
  `create_time` datetime DEFAULT NULL,
  `create_by` varchar(100) DEFAULT NULL,
  `update_time` datetime DEFAULT NULL,
  `update_by` varchar(100) DEFAULT NULL,
  `remark` varchar(500) DEFAULT NULL,
  PRIMARY KEY (`teacher_id`)
) ENGINE=InnoDB AUTO_INCREMENT=3 DEFAULT CHARSET=utf8mb4 COLLATE=utf8mb4_0900_ai_ci;
/*!40101 SET character_set_client = @saved_cs_client */;

--
-- Dumping data for table `business_teacher`
--

LOCK TABLES `business_teacher` WRITE;
/*!40000 ALTER TABLE `business_teacher` DISABLE KEYS */;
INSERT INTO `business_teacher` VALUES (1,'何老师','0',44,'2020013456','111','http://dummyimage.com/400x400','h.fmydkld@qq.com','12312341234','213123','123123','0','0','2024-03-21 16:24:40','何嘉乐','2024-03-21 16:24:49','何',NULL),(2,'王老师','1',28,'2020013456','很爱很爱你','http://dummyimage.com/400x400','h.fmydkld@qq.com','19817206735','123456','654321','0','2','2024-03-07 15:06:20','何嘉乐','2024-03-07 15:07:13','何嘉乐','备注');
/*!40000 ALTER TABLE `business_teacher` ENABLE KEYS */;
UNLOCK TABLES;

--
-- Table structure for table `business_time`
--

DROP TABLE IF EXISTS `business_time`;
/*!40101 SET @saved_cs_client     = @@character_set_client */;
/*!50503 SET character_set_client = utf8mb4 */;
CREATE TABLE `business_time` (
  `time_id` bigint NOT NULL AUTO_INCREMENT COMMENT '主键',
  `time_name` varchar(10) CHARACTER SET utf8mb4 COLLATE utf8mb4_0900_ai_ci NOT NULL COMMENT '时间字段（例如07:00）',
  `time_type` varchar(100) CHARACTER SET utf8mb4 COLLATE utf8mb4_0900_ai_ci NOT NULL COMMENT '时间类别（方案一 方案二）',
  `status` char(1) CHARACTER SET utf8mb4 COLLATE utf8mb4_0900_ai_ci NOT NULL DEFAULT '0' COMMENT '0启用 1弃用',
  PRIMARY KEY (`time_id`)
) ENGINE=InnoDB AUTO_INCREMENT=8 DEFAULT CHARSET=utf8mb4 COLLATE=utf8mb4_0900_ai_ci COMMENT='时间表';
/*!40101 SET character_set_client = @saved_cs_client */;

--
-- Dumping data for table `business_time`
--

LOCK TABLES `business_time` WRITE;
/*!40000 ALTER TABLE `business_time` DISABLE KEYS */;
INSERT INTO `business_time` VALUES (1,'09:00','夏季','0'),(2,'09:30','夏季','0'),(3,'10:00','夏季','0'),(4,'10:30','夏季','0'),(5,'11:00','夏季','0'),(6,'夏季','夏季','0'),(7,'07:00','冬季','1');
/*!40000 ALTER TABLE `business_time` ENABLE KEYS */;
UNLOCK TABLES;

--
-- Table structure for table `system_config`
--

DROP TABLE IF EXISTS `system_config`;
/*!40101 SET @saved_cs_client     = @@character_set_client */;
/*!50503 SET character_set_client = utf8mb4 */;
CREATE TABLE `system_config` (
  `config_id` int NOT NULL AUTO_INCREMENT COMMENT '参数主键',
  `config_name` varchar(100) CHARACTER SET utf8mb4 COLLATE utf8mb4_0900_ai_ci DEFAULT '' COMMENT '参数名称',
  `config_key` varchar(100) CHARACTER SET utf8mb4 COLLATE utf8mb4_0900_ai_ci DEFAULT '' COMMENT '参数键名',
  `config_value` varchar(500) CHARACTER SET utf8mb4 COLLATE utf8mb4_0900_ai_ci DEFAULT '' COMMENT '参数键值',
  `config_type` char(1) CHARACTER SET utf8mb4 COLLATE utf8mb4_0900_ai_ci DEFAULT 'N' COMMENT '系统内置（Y是 N否）',
  `create_by` varchar(64) CHARACTER SET utf8mb4 COLLATE utf8mb4_0900_ai_ci DEFAULT '' COMMENT '创建者',
  `create_time` datetime DEFAULT NULL COMMENT '创建时间',
  `update_by` varchar(64) CHARACTER SET utf8mb4 COLLATE utf8mb4_0900_ai_ci DEFAULT '' COMMENT '更新者',
  `update_time` datetime DEFAULT NULL COMMENT '更新时间',
  `remark` varchar(500) CHARACTER SET utf8mb4 COLLATE utf8mb4_0900_ai_ci DEFAULT NULL COMMENT '备注',
  PRIMARY KEY (`config_id`)
) ENGINE=InnoDB AUTO_INCREMENT=7 DEFAULT CHARSET=utf8mb4 COLLATE=utf8mb4_0900_ai_ci COMMENT='参数配置表';
/*!40101 SET character_set_client = @saved_cs_client */;

--
-- Dumping data for table `system_config`
--

LOCK TABLES `system_config` WRITE;
/*!40000 ALTER TABLE `system_config` DISABLE KEYS */;
INSERT INTO `system_config` VALUES (1,'主框架页-默认皮肤样式名称','sys.index.skinName','skin-blue','Y','admin','2024-02-05 10:56:12','',NULL,'蓝色 skin-blue、绿色 skin-green、紫色 skin-purple、红色 skin-red、黄色 skin-yellow'),(2,'用户管理-账号初始密码','sys.user.initPassword','123456','Y','admin','2024-02-05 10:56:12','',NULL,'初始化密码 123456'),(3,'主框架页-侧边栏主题','sys.index.sideTheme','theme-dark','Y','admin','2024-02-05 10:56:12','',NULL,'深色主题theme-dark，浅色主题theme-light'),(4,'账号自助-是否开启用户注册功能','sys.account.registerUser','false','Y','admin','2024-02-05 10:56:12','',NULL,'是否开启注册用户功能（true开启，false关闭）'),(5,'用户登录-黑名单列表','sys.login.blackIPList','','Y','admin','2024-02-05 10:56:12','',NULL,'设置登录IP黑名单限制，多个匹配项以;分隔，支持匹配（*通配、网段）'),(6,'test','sys.test','test','Y','','2024-02-22 17:53:38','','2024-02-22 17:54:55','这是测试');
/*!40000 ALTER TABLE `system_config` ENABLE KEYS */;
UNLOCK TABLES;

--
-- Table structure for table `system_credit`
--

DROP TABLE IF EXISTS `system_credit`;
/*!40101 SET @saved_cs_client     = @@character_set_client */;
/*!50503 SET character_set_client = utf8mb4 */;
CREATE TABLE `system_credit` (
  `credit_id` bigint NOT NULL AUTO_INCREMENT,
  `credit_content` varchar(100) NOT NULL COMMENT '操作原因',
  `credit_source` char(1) CHARACTER SET utf8mb4 COLLATE utf8mb4_0900_ai_ci DEFAULT NULL COMMENT '来源（0=自己操作 1=管理员操作2= 系统操作）',
  `user_studentid` varchar(15) DEFAULT NULL COMMENT '被扣除人学号',
  `credit_number` int DEFAULT '0' COMMENT '数字（可正负）',
  `admin_name` varchar(100) DEFAULT NULL COMMENT '管理员姓名',
  `status` varchar(1) NOT NULL DEFAULT '0' COMMENT '状态（0启用 1停用）',
  `del_flag` varchar(1) NOT NULL DEFAULT '0' COMMENT '删除标志（0存在 1删除）',
  `create_time` datetime DEFAULT NULL,
  `create_by` varchar(100) DEFAULT NULL,
  `update_time` datetime DEFAULT NULL,
  `update_by` varchar(100) DEFAULT NULL,
  `remark` varchar(500) DEFAULT NULL COMMENT '备注',
  PRIMARY KEY (`credit_id`)
) ENGINE=InnoDB AUTO_INCREMENT=14 DEFAULT CHARSET=utf8mb4 COLLATE=utf8mb4_0900_ai_ci COMMENT='用户信誉表';
/*!40101 SET character_set_client = @saved_cs_client */;

--
-- Dumping data for table `system_credit`
--

LOCK TABLES `system_credit` WRITE;
/*!40000 ALTER TABLE `system_credit` DISABLE KEYS */;
INSERT INTO `system_credit` VALUES (1,'测试','1','2020014100',-2,'何嘉乐','0','0','2024-02-29 14:06:29','何嘉乐',NULL,NULL,NULL),(2,'测试','1','2020014100',-2,'何嘉乐','0','0','2024-02-29 14:07:06','何嘉乐',NULL,NULL,NULL),(3,'测试','1','2020014100',-2,'何嘉乐','0','0','2024-02-29 14:10:21','何嘉乐',NULL,NULL,NULL),(4,'测试','1','2020014100',-2,'何嘉乐','0','0','2024-02-29 14:12:52','何嘉乐',NULL,NULL,NULL),(5,'测试','1','2020014100',-2,'何嘉乐','0','0','2024-02-29 14:14:02','何嘉乐',NULL,NULL,NULL),(6,'测试','1','2020014100',-1,'何嘉乐','0','0','2024-02-29 14:22:58','何嘉乐',NULL,NULL,NULL),(7,'用户强行撤销场地申请','0','2020014100',-2,NULL,'0','0','2024-02-29 15:41:22','何嘉乐2号',NULL,NULL,NULL),(8,'用户强行撤销场地申请','0','2020014100',-2,NULL,'0','0','2024-02-29 15:43:25','何嘉乐2号',NULL,NULL,NULL),(9,'用户强行撤销场地申请','0','2020014100',-2,NULL,'0','0','2024-02-29 15:44:19','何嘉乐2号',NULL,NULL,NULL),(10,'用户强行撤销场地申请','0','2020014100',-5,NULL,'0','0','2024-02-29 15:50:04','何嘉乐2号',NULL,NULL,NULL),(11,'用户强行撤销课程申请','0','2020014588',-5,NULL,'0','2','2024-03-07 13:54:57','何嘉乐',NULL,NULL,NULL),(12,'consectetur ipsum','1','2020014588',3,'何嘉乐','0','0','2024-03-25 17:16:28','何嘉乐',NULL,NULL,NULL),(13,'consectetur ipsum','1','2020014588',3,'何嘉乐','0','0','2024-03-25 17:17:08','何嘉乐',NULL,NULL,NULL);
/*!40000 ALTER TABLE `system_credit` ENABLE KEYS */;
UNLOCK TABLES;

--
-- Table structure for table `system_dept`
--

DROP TABLE IF EXISTS `system_dept`;
/*!40101 SET @saved_cs_client     = @@character_set_client */;
/*!50503 SET character_set_client = utf8mb4 */;
CREATE TABLE `system_dept` (
  `dept_id` bigint NOT NULL AUTO_INCREMENT COMMENT '部门id',
  `parent_id` bigint DEFAULT '0' COMMENT '父部门id',
  `ancestors` varchar(50) CHARACTER SET utf8mb4 COLLATE utf8mb4_0900_ai_ci DEFAULT '' COMMENT '祖级列表',
  `dept_name` varchar(50) CHARACTER SET utf8mb4 COLLATE utf8mb4_0900_ai_ci DEFAULT '' COMMENT '部门名称',
  `order_num` int DEFAULT '0' COMMENT '显示顺序',
  `leader` varchar(20) CHARACTER SET utf8mb4 COLLATE utf8mb4_0900_ai_ci DEFAULT NULL COMMENT '负责人',
  `phone` varchar(11) CHARACTER SET utf8mb4 COLLATE utf8mb4_0900_ai_ci DEFAULT NULL COMMENT '联系电话',
  `email` varchar(50) CHARACTER SET utf8mb4 COLLATE utf8mb4_0900_ai_ci DEFAULT NULL COMMENT '邮箱',
  `status` char(1) CHARACTER SET utf8mb4 COLLATE utf8mb4_0900_ai_ci DEFAULT '0' COMMENT '部门状态（0正常 1停用）',
  `del_flag` char(1) CHARACTER SET utf8mb4 COLLATE utf8mb4_0900_ai_ci DEFAULT '0' COMMENT '删除标志（0代表存在 2代表删除）',
  `create_by` varchar(100) CHARACTER SET utf8mb4 COLLATE utf8mb4_0900_ai_ci DEFAULT '' COMMENT '创建者',
  `create_time` datetime DEFAULT NULL COMMENT '创建时间',
  `update_by` varchar(100) CHARACTER SET utf8mb4 COLLATE utf8mb4_0900_ai_ci DEFAULT '' COMMENT '更新者',
  `update_time` datetime DEFAULT NULL COMMENT '更新时间',
  PRIMARY KEY (`dept_id`)
) ENGINE=InnoDB AUTO_INCREMENT=5 DEFAULT CHARSET=utf8mb4 COLLATE=utf8mb4_0900_ai_ci COMMENT='部门表';
/*!40101 SET character_set_client = @saved_cs_client */;

--
-- Dumping data for table `system_dept`
--

LOCK TABLES `system_dept` WRITE;
/*!40000 ALTER TABLE `system_dept` DISABLE KEYS */;
INSERT INTO `system_dept` VALUES (1,0,'0','一站式系统',0,'王凯','12345674567','test@qq.com','0','0','123456789','2024-02-13 19:02:36','',NULL),(2,1,'1','场地管理',0,NULL,NULL,NULL,'0','0','123456789','2024-02-16 17:59:42','',NULL),(3,2,'1,2','场地管理测试部门',1,NULL,NULL,NULL,'0','0','123456789','2024-02-16 18:00:40','',NULL),(4,1,'0,1','场地管理系统',1,'李某','12312341234','test@qq.com','0','0','','2024-02-21 18:24:05','','2024-02-21 18:26:45');
/*!40000 ALTER TABLE `system_dept` ENABLE KEYS */;
UNLOCK TABLES;

--
-- Table structure for table `system_dict_data`
--

DROP TABLE IF EXISTS `system_dict_data`;
/*!40101 SET @saved_cs_client     = @@character_set_client */;
/*!50503 SET character_set_client = utf8mb4 */;
CREATE TABLE `system_dict_data` (
  `dict_code` bigint NOT NULL AUTO_INCREMENT COMMENT '字典编码',
  `dict_sort` int DEFAULT '0' COMMENT '字典排序',
  `dict_label` varchar(100) CHARACTER SET utf8mb4 COLLATE utf8mb4_0900_ai_ci DEFAULT '' COMMENT '字典标签',
  `dict_value` varchar(100) CHARACTER SET utf8mb4 COLLATE utf8mb4_0900_ai_ci DEFAULT '' COMMENT '字典键值',
  `dict_type` varchar(100) CHARACTER SET utf8mb4 COLLATE utf8mb4_0900_ai_ci DEFAULT '' COMMENT '字典类型',
  `css_class` varchar(100) CHARACTER SET utf8mb4 COLLATE utf8mb4_0900_ai_ci DEFAULT NULL COMMENT '样式属性（其他样式扩展）',
  `list_class` varchar(100) CHARACTER SET utf8mb4 COLLATE utf8mb4_0900_ai_ci DEFAULT NULL COMMENT '表格回显样式',
  `is_default` char(1) CHARACTER SET utf8mb4 COLLATE utf8mb4_0900_ai_ci DEFAULT 'N' COMMENT '是否默认（Y是 N否）',
  `status` char(1) CHARACTER SET utf8mb4 COLLATE utf8mb4_0900_ai_ci DEFAULT '0' COMMENT '状态（0正常 1停用）',
  `create_by` varchar(64) CHARACTER SET utf8mb4 COLLATE utf8mb4_0900_ai_ci DEFAULT '' COMMENT '创建者',
  `create_time` datetime DEFAULT NULL COMMENT '创建时间',
  `update_by` varchar(64) CHARACTER SET utf8mb4 COLLATE utf8mb4_0900_ai_ci DEFAULT '' COMMENT '更新者',
  `update_time` datetime DEFAULT NULL COMMENT '更新时间',
  `remark` varchar(500) CHARACTER SET utf8mb4 COLLATE utf8mb4_0900_ai_ci DEFAULT NULL COMMENT '备注',
  PRIMARY KEY (`dict_code`)
) ENGINE=InnoDB AUTO_INCREMENT=36 DEFAULT CHARSET=utf8mb4 COLLATE=utf8mb4_0900_ai_ci COMMENT='字典数据表';
/*!40101 SET character_set_client = @saved_cs_client */;

--
-- Dumping data for table `system_dict_data`
--

LOCK TABLES `system_dict_data` WRITE;
/*!40000 ALTER TABLE `system_dict_data` DISABLE KEYS */;
INSERT INTO `system_dict_data` VALUES (1,2,'系统','SYSTEM','sys_job_group','','','N','0','admin','2024-02-05 10:56:12','',NULL,'系统分组'),(2,1,'是','Y','sys_yes_no','','primary','Y','0','admin','2024-02-05 10:56:12','',NULL,'系统默认是'),(3,2,'否','N','sys_yes_no','','danger','N','0','admin','2024-02-05 10:56:12','',NULL,'系统默认否'),(4,1,'通知','1','sys_notice_type','','warning','Y','0','admin','2024-02-05 10:56:12','',NULL,'通知'),(5,2,'公告','2','sys_notice_type','','success','N','0','admin','2024-02-05 10:56:12','',NULL,'公告'),(6,1,'正常','0','sys_notice_status','','primary','Y','0','admin','2024-02-05 10:56:12','',NULL,'正常状态'),(7,2,'关闭','1','sys_notice_status','','danger','N','0','admin','2024-02-05 10:56:12','',NULL,'关闭状态'),(8,99,'其他','0','sys_oper_type','','info','N','0','admin','2024-02-05 10:56:12','',NULL,'其他操作'),(9,1,'新增','1','sys_oper_type','','info','N','0','admin','2024-02-05 10:56:12','',NULL,'新增操作'),(10,2,'修改','2','sys_oper_type','','info','N','0','admin','2024-02-05 10:56:12','',NULL,'修改操作'),(11,1,'男','0','sys_user_sex','','','Y','0','admin','2024-02-05 10:56:12','',NULL,'性别男'),(12,2,'女','1','sys_user_sex','','','N','0','admin','2024-02-05 10:56:12','',NULL,'性别女'),(13,3,'未知','2','sys_user_sex','','','N','0','admin','2024-02-05 10:56:12','',NULL,'性别未知'),(14,1,'显示','0','sys_show_hide','','primary','Y','0','admin','2024-02-05 10:56:12','',NULL,'显示菜单'),(15,2,'隐藏','1','sys_show_hide','','danger','N','0','admin','2024-02-05 10:56:12','',NULL,'隐藏菜单'),(16,1,'正常','0','sys_normal_disable','','primary','Y','0','admin','2024-02-05 10:56:12','',NULL,'正常状态'),(17,2,'停用','1','sys_normal_disable','','danger','N','0','admin','2024-02-05 10:56:12','',NULL,'停用状态'),(18,1,'正常','0','sys_job_status','','primary','Y','0','admin','2024-02-05 10:56:12','',NULL,'正常状态'),(19,2,'暂停','1','sys_job_status','','danger','N','0','admin','2024-02-05 10:56:12','',NULL,'停用状态'),(20,1,'默认','DEFAULT','sys_job_group','','','Y','0','admin','2024-02-05 10:56:12','',NULL,'默认分组'),(21,3,'删除','3','sys_oper_type','','danger','N','0','admin','2024-02-05 10:56:12','',NULL,'删除操作'),(22,4,'授权','4','sys_oper_type','','primary','N','0','admin','2024-02-05 10:56:12','',NULL,'授权操作'),(23,5,'导出','5','sys_oper_type','','warning','N','0','admin','2024-02-05 10:56:12','',NULL,'导出操作'),(24,6,'导入','6','sys_oper_type','','warning','N','0','admin','2024-02-05 10:56:12','',NULL,'导入操作'),(25,7,'强退','7','sys_oper_type','','danger','N','0','admin','2024-02-05 10:56:12','',NULL,'强退操作'),(26,8,'生成代码','8','sys_oper_type','','warning','N','0','admin','2024-02-05 10:56:12','',NULL,'生成操作'),(27,9,'清空数据','9','sys_oper_type','','danger','N','0','admin','2024-02-05 10:56:12','',NULL,'清空操作'),(28,1,'成功','0','sys_common_status','','primary','N','0','admin','2024-02-05 10:56:12','',NULL,'正常状态'),(29,2,'失败','1','sys_common_status','','danger','N','0','admin','2024-02-05 10:56:12','',NULL,'停用状态'),(31,1,'拒绝','5','bus_status',NULL,'','N','0','admin','2024-03-24 14:31:04','',NULL,'拒绝申请'),(32,2,'撤销','4','bus_status',NULL,NULL,'N','0','',NULL,'',NULL,'撤销申请'),(33,3,'一级同意','1','bus_status',NULL,NULL,'N','0','',NULL,'',NULL,'一级管理员同意'),(34,4,'二级同意','2','bus_status',NULL,NULL,'N','0','',NULL,'',NULL,'二级管理员同意以及同意'),(35,5,'已预约','0','bus_status',NULL,NULL,'N','0','',NULL,'',NULL,'已预约，已申请');
/*!40000 ALTER TABLE `system_dict_data` ENABLE KEYS */;
UNLOCK TABLES;

--
-- Table structure for table `system_dict_type`
--

DROP TABLE IF EXISTS `system_dict_type`;
/*!40101 SET @saved_cs_client     = @@character_set_client */;
/*!50503 SET character_set_client = utf8mb4 */;
CREATE TABLE `system_dict_type` (
  `dict_id` bigint NOT NULL AUTO_INCREMENT COMMENT '字典主键',
  `dict_name` varchar(100) CHARACTER SET utf8mb4 COLLATE utf8mb4_0900_ai_ci DEFAULT '' COMMENT '字典名称',
  `dict_type` varchar(100) CHARACTER SET utf8mb4 COLLATE utf8mb4_0900_ai_ci DEFAULT '' COMMENT '字典类型',
  `status` char(1) CHARACTER SET utf8mb4 COLLATE utf8mb4_0900_ai_ci DEFAULT '0' COMMENT '状态（0正常 1停用）',
  `create_by` varchar(64) CHARACTER SET utf8mb4 COLLATE utf8mb4_0900_ai_ci DEFAULT '' COMMENT '创建者',
  `create_time` datetime DEFAULT NULL COMMENT '创建时间',
  `update_by` varchar(64) CHARACTER SET utf8mb4 COLLATE utf8mb4_0900_ai_ci DEFAULT '' COMMENT '更新者',
  `update_time` datetime DEFAULT NULL COMMENT '更新时间',
  `remark` varchar(500) CHARACTER SET utf8mb4 COLLATE utf8mb4_0900_ai_ci DEFAULT NULL COMMENT '备注',
  PRIMARY KEY (`dict_id`),
  UNIQUE KEY `dict_type` (`dict_type`)
) ENGINE=InnoDB AUTO_INCREMENT=14 DEFAULT CHARSET=utf8mb4 COLLATE=utf8mb4_0900_ai_ci COMMENT='字典类型表';
/*!40101 SET character_set_client = @saved_cs_client */;

--
-- Dumping data for table `system_dict_type`
--

LOCK TABLES `system_dict_type` WRITE;
/*!40000 ALTER TABLE `system_dict_type` DISABLE KEYS */;
INSERT INTO `system_dict_type` VALUES (1,'用户性别','sys_user_sex','0','admin','2024-02-05 10:56:12','',NULL,'用户性别列表'),(2,'菜单状态','sys_show_hide','0','admin','2024-02-05 10:56:12','',NULL,'菜单状态列表'),(3,'系统开关','sys_normal_disable','0','admin','2024-02-05 10:56:12','',NULL,'系统开关列表'),(4,'任务状态','sys_job_status','0','admin','2024-02-05 10:56:12','',NULL,'任务状态列表'),(5,'任务分组','sys_job_group','0','admin','2024-02-05 10:56:12','',NULL,'任务分组列表'),(6,'系统是否','sys_yes_no','0','admin','2024-02-05 10:56:12','',NULL,'系统是否列表'),(7,'通知类型','sys_notice_type','0','admin','2024-02-05 10:56:12','',NULL,'通知类型列表'),(8,'通知状态','sys_notice_status','0','admin','2024-02-05 10:56:12','',NULL,'通知状态列表'),(9,'操作类型','sys_oper_type','0','admin','2024-02-05 10:56:12','',NULL,'操作类型列表'),(10,'系统状态','sys_common_status','0','admin','2024-02-05 10:56:12','',NULL,'登录状态列表'),(12,'测试用','sys_test','0','','2024-02-21 18:39:05','',NULL,NULL),(13,'审核状态','bus_status','0','admin','2024-03-24 14:29:26','',NULL,'审核状态列表');
/*!40000 ALTER TABLE `system_dict_type` ENABLE KEYS */;
UNLOCK TABLES;

--
-- Table structure for table `system_logininfor`
--

DROP TABLE IF EXISTS `system_logininfor`;
/*!40101 SET @saved_cs_client     = @@character_set_client */;
/*!50503 SET character_set_client = utf8mb4 */;
CREATE TABLE `system_logininfor` (
  `info_id` bigint NOT NULL AUTO_INCREMENT COMMENT '访问ID',
  `user_name` varchar(100) CHARACTER SET utf8mb4 COLLATE utf8mb4_0900_ai_ci DEFAULT '' COMMENT '用户账号',
  `ipaddr` varchar(128) CHARACTER SET utf8mb4 COLLATE utf8mb4_0900_ai_ci DEFAULT '' COMMENT '登录IP地址',
  `status` char(1) CHARACTER SET utf8mb4 COLLATE utf8mb4_0900_ai_ci DEFAULT '0' COMMENT '登录状态（0成功 1失败）',
  `msg` varchar(255) CHARACTER SET utf8mb4 COLLATE utf8mb4_0900_ai_ci DEFAULT '' COMMENT '提示信息',
  `access_time` datetime DEFAULT NULL COMMENT '访问时间',
  PRIMARY KEY (`info_id`),
  KEY `idx_sys_logininfor_lt` (`access_time`) USING BTREE,
  KEY `idx_sys_logininfor_s` (`status`) USING BTREE
) ENGINE=InnoDB AUTO_INCREMENT=40 DEFAULT CHARSET=utf8mb4 COLLATE=utf8mb4_0900_ai_ci COMMENT='系统访问记录';
/*!40101 SET character_set_client = @saved_cs_client */;

--
-- Dumping data for table `system_logininfor`
--

LOCK TABLES `system_logininfor` WRITE;
/*!40000 ALTER TABLE `system_logininfor` DISABLE KEYS */;
INSERT INTO `system_logininfor` VALUES (1,'何嘉乐','127.0.0.1','0','登录成功','2024-02-26 14:58:22'),(2,'何嘉乐','127.0.0.1','0','登录成功','2024-02-28 16:48:29'),(3,'何嘉乐','127.0.0.1','0','登录成功','2024-02-28 16:57:47'),(4,'何嘉乐','127.0.0.1','0','登录成功','2024-02-29 11:37:20'),(5,'何嘉乐','127.0.0.1','0','登录成功','2024-02-29 14:36:17'),(6,'何嘉乐2号','127.0.0.1','0','登录成功','2024-02-29 14:50:12'),(7,NULL,'127.0.0.1','1','用户/密码必须填写','2024-02-29 15:11:22'),(8,NULL,'127.0.0.1','1','用户/密码必须填写','2024-02-29 15:14:57'),(9,'何嘉乐2号','127.0.0.1','0','登录成功','2024-02-29 15:17:24'),(10,'何嘉乐2号','127.0.0.1','0','登录成功','2024-02-29 15:26:17'),(11,'何嘉乐2号','127.0.0.1','0','登录成功','2024-02-29 15:26:44'),(12,'何嘉乐2号','127.0.0.1','0','登录成功','2024-02-29 15:27:53'),(13,'何嘉乐2号','127.0.0.1','0','登录成功','2024-02-29 15:29:15'),(14,'何嘉乐','127.0.0.1','0','登录成功','2024-02-29 15:29:47'),(15,'何嘉乐','127.0.0.1','0','登录成功','2024-02-29 15:33:51'),(16,'何嘉乐','127.0.0.1','0','登录成功','2024-02-29 15:36:43'),(17,'何嘉乐2号','127.0.0.1','0','登录成功','2024-02-29 15:40:23'),(18,NULL,'127.0.0.1','1','用户/密码必须填写','2024-02-29 16:02:58'),(19,'何嘉乐','127.0.0.1','0','登录成功','2024-02-29 16:03:20'),(20,'何嘉乐','127.0.0.1','0','登录成功','2024-03-01 11:49:06'),(21,'何嘉乐','127.0.0.1','0','登录成功','2024-03-05 15:57:15'),(22,'何嘉乐','127.0.0.1','0','登录成功','2024-03-06 10:41:21'),(23,'何嘉乐','127.0.0.1','0','登录成功','2024-03-07 11:07:18'),(24,'何嘉乐','127.0.0.1','0','登录成功','2024-03-07 14:44:20'),(25,'何嘉乐','127.0.0.1','0','登录成功','2024-03-07 16:57:14'),(26,'何嘉乐','127.0.0.1','0','登录成功','2024-03-07 16:57:15'),(27,'何嘉乐','127.0.0.1','0','登录成功','2024-03-07 16:57:16'),(28,'何嘉乐','127.0.0.1','0','登录成功','2024-03-07 16:57:17'),(29,'何嘉乐','127.0.0.1','0','登录成功','2024-03-07 17:09:21'),(30,'何嘉乐','127.0.0.1','0','登录成功','2024-03-07 18:46:28'),(31,'何嘉乐','127.0.0.1','0','登录成功','2024-03-11 13:56:58'),(32,'何嘉乐','127.0.0.1','0','登录成功','2024-03-13 12:15:34'),(33,'何嘉乐','127.0.0.1','0','登录成功','2024-03-19 12:12:27'),(34,'何嘉乐','127.0.0.1','0','登录成功','2024-03-21 16:02:00'),(35,'何嘉乐','127.0.0.1','0','登录成功','2024-03-22 10:52:48'),(36,'何嘉乐','127.0.0.1','0','登录成功','2024-03-24 14:55:40'),(37,'何嘉乐','127.0.0.1','0','登录成功','2024-03-25 10:44:03'),(38,'何嘉乐','127.0.0.1','0','登录成功','2024-03-25 12:33:16'),(39,'何嘉乐','127.0.0.1','0','登录成功','2024-03-25 13:33:46');
/*!40000 ALTER TABLE `system_logininfor` ENABLE KEYS */;
UNLOCK TABLES;

--
-- Table structure for table `system_notice`
--

DROP TABLE IF EXISTS `system_notice`;
/*!40101 SET @saved_cs_client     = @@character_set_client */;
/*!50503 SET character_set_client = utf8mb4 */;
CREATE TABLE `system_notice` (
  `notice_id` bigint NOT NULL AUTO_INCREMENT COMMENT '公告ID',
  `notice_title` varchar(50) CHARACTER SET utf8mb4 COLLATE utf8mb4_0900_ai_ci NOT NULL COMMENT '公告标题',
  `notice_type` char(1) CHARACTER SET utf8mb4 COLLATE utf8mb4_0900_ai_ci NOT NULL COMMENT '公告类型（1通知 2公告）',
  `notice_content` longblob COMMENT '公告内容',
  `status` char(1) CHARACTER SET utf8mb4 COLLATE utf8mb4_0900_ai_ci DEFAULT '0' COMMENT '公告状态（0正常 1关闭）',
  `create_by` varchar(100) CHARACTER SET utf8mb4 COLLATE utf8mb4_0900_ai_ci DEFAULT '' COMMENT '创建者',
  `create_time` datetime DEFAULT NULL COMMENT '创建时间',
  `update_by` varchar(100) CHARACTER SET utf8mb4 COLLATE utf8mb4_0900_ai_ci DEFAULT '' COMMENT '更新者',
  `update_time` datetime DEFAULT NULL COMMENT '更新时间',
  `remark` varchar(500) CHARACTER SET utf8mb4 COLLATE utf8mb4_0900_ai_ci DEFAULT NULL COMMENT '备注',
  PRIMARY KEY (`notice_id`)
) ENGINE=InnoDB AUTO_INCREMENT=3 DEFAULT CHARSET=utf8mb4 COLLATE=utf8mb4_0900_ai_ci COMMENT='通知公告表';
/*!40101 SET character_set_client = @saved_cs_client */;

--
-- Dumping data for table `system_notice`
--

LOCK TABLES `system_notice` WRITE;
/*!40000 ALTER TABLE `system_notice` DISABLE KEYS */;
INSERT INTO `system_notice` VALUES (1,'温馨提醒：2024-07-01 一站式新版本发布啦','2',_binary '新版本内容','0','admin','2024-02-05 10:56:12','',NULL,'管理员'),(2,'测试','2',_binary '这是一个测试文档','0','','2024-02-22 18:39:12','',NULL,NULL);
/*!40000 ALTER TABLE `system_notice` ENABLE KEYS */;
UNLOCK TABLES;

--
-- Table structure for table `system_oper_log`
--

DROP TABLE IF EXISTS `system_oper_log`;
/*!40101 SET @saved_cs_client     = @@character_set_client */;
/*!50503 SET character_set_client = utf8mb4 */;
CREATE TABLE `system_oper_log` (
  `oper_id` bigint NOT NULL AUTO_INCREMENT COMMENT '日志主键',
  `title` varchar(50) CHARACTER SET utf8mb4 COLLATE utf8mb4_0900_ai_ci DEFAULT '' COMMENT '模块标题',
  `business_type` int DEFAULT '0' COMMENT '业务类型（0其它 1新增 2修改 3删除）',
  `method` varchar(100) CHARACTER SET utf8mb4 COLLATE utf8mb4_0900_ai_ci DEFAULT '' COMMENT '方法名称',
  `request_method` varchar(10) CHARACTER SET utf8mb4 COLLATE utf8mb4_0900_ai_ci DEFAULT '' COMMENT '请求方式',
  `operator_type` int DEFAULT '0' COMMENT '操作类别（0其它 1后台用户 2手机端用户）',
  `oper_name` varchar(100) CHARACTER SET utf8mb4 COLLATE utf8mb4_0900_ai_ci DEFAULT '' COMMENT '操作人员',
  `dept_name` varchar(100) CHARACTER SET utf8mb4 COLLATE utf8mb4_0900_ai_ci DEFAULT '' COMMENT '部门名称',
  `oper_url` varchar(255) CHARACTER SET utf8mb4 COLLATE utf8mb4_0900_ai_ci DEFAULT '' COMMENT '请求URL',
  `oper_ip` varchar(128) CHARACTER SET utf8mb4 COLLATE utf8mb4_0900_ai_ci DEFAULT '' COMMENT '主机地址',
  `oper_location` varchar(255) CHARACTER SET utf8mb4 COLLATE utf8mb4_0900_ai_ci DEFAULT '' COMMENT '操作地点',
  `oper_param` varchar(2000) CHARACTER SET utf8mb4 COLLATE utf8mb4_0900_ai_ci DEFAULT '' COMMENT '请求参数',
  `json_result` varchar(2000) CHARACTER SET utf8mb4 COLLATE utf8mb4_0900_ai_ci DEFAULT '' COMMENT '返回参数',
  `status` int DEFAULT '0' COMMENT '操作状态（0正常 1异常）',
  `error_msg` varchar(2000) CHARACTER SET utf8mb4 COLLATE utf8mb4_0900_ai_ci DEFAULT '' COMMENT '错误消息',
  `oper_time` datetime DEFAULT NULL COMMENT '操作时间',
  `cost_time` bigint DEFAULT '0' COMMENT '消耗时间',
  PRIMARY KEY (`oper_id`),
  KEY `idx_sys_oper_log_bt` (`business_type`) USING BTREE,
  KEY `idx_sys_oper_log_ot` (`oper_time`) USING BTREE,
  KEY `idx_sys_oper_log_s` (`status`) USING BTREE
) ENGINE=InnoDB AUTO_INCREMENT=374 DEFAULT CHARSET=utf8mb4 COLLATE=utf8mb4_0900_ai_ci COMMENT='操作日志记录';
/*!40101 SET character_set_client = @saved_cs_client */;

--
-- Dumping data for table `system_oper_log`
--

LOCK TABLES `system_oper_log` WRITE;
/*!40000 ALTER TABLE `system_oper_log` DISABLE KEYS */;
INSERT INTO `system_oper_log` VALUES (1,'用户管理',1,'com.yizhanshi.system.controller.SysUserController.add()','POST',1,NULL,NULL,'/user','127.0.0.1','','{\"admin\":false,\"adminByType\":false,\"params\":{},\"userEmail\":\"test2@qq.com\",\"userName\":\"何嘉乐2号\",\"userOrganization\":\"\",\"userPassword\":\"123456\",\"userPhone\":\"12312341234\",\"userScore\":0,\"userSex\":\"\",\"userStudentid\":\"2020014100\",\"userType\":\"01\"}',NULL,1,'\r\n### Error querying database.  Cause: java.sql.SQLSyntaxErrorException: Unknown column \'userPhone\' in \'field list\'\r\n### The error may exist in file [D:\\hejialebishe\\YiZhanShi\\yizhanshi-modules\\yizhanshi-system\\target\\classes\\mapper\\system\\SysUserMapper.xml]\r\n### The error may involve com.yizhanshi.system.mapper.SysUserMapper.checkPhoneUnique-Inline\r\n### The error occurred while setting parameters\r\n### SQL: select user_id, userPhone from system_user where userPhone = ? and del_flag = \'0\' limit 1\r\n### Cause: java.sql.SQLSyntaxErrorException: Unknown column \'userPhone\' in \'field list\'\n; bad SQL grammar []; nested exception is java.sql.SQLSyntaxErrorException: Unknown column \'userPhone\' in \'field list\'','2024-02-15 17:29:54',115),(2,'用户管理',1,'com.yizhanshi.system.controller.SysUserController.add()','POST',1,NULL,NULL,'/user','127.0.0.1','','{\"admin\":false,\"adminByType\":false,\"createBy\":\"\",\"params\":{},\"userEmail\":\"test2@qq.com\",\"userName\":\"何嘉乐2号\",\"userOrganization\":\"\",\"userPassword\":\"$2a$10$VnQNGXhlRn3oUtCxvv20ze64PEUliFwPj1fQQn7SUrh6cEjdi17nq\",\"userPhone\":\"12312341234\",\"userScore\":0,\"userSex\":\"\",\"userStudentid\":\"2020014100\",\"userType\":\"01\"}',NULL,1,'nested exception is org.apache.ibatis.exceptions.PersistenceException: \r\n### Error updating database.  Cause: java.lang.NumberFormatException: For input string: \"$2a$10$VnQNGXhlRn3oUtCxvv20ze64PEUliFwPj1fQQn7SUrh6cEjdi17nq\"\r\n### The error may exist in file [D:\\hejialebishe\\YiZhanShi\\yizhanshi-modules\\yizhanshi-system\\target\\classes\\mapper\\system\\SysUserMapper.xml]\r\n### The error may involve com.yizhanshi.system.mapper.SysUserMapper.insertUser\r\n### The error occurred while executing an update\r\n### Cause: java.lang.NumberFormatException: For input string: \"$2a$10$VnQNGXhlRn3oUtCxvv20ze64PEUliFwPj1fQQn7SUrh6cEjdi17nq\"','2024-02-15 17:45:29',154),(3,'用户管理',1,'com.yizhanshi.system.controller.SysUserController.add()','POST',1,NULL,NULL,'/user','127.0.0.1','','{\"admin\":false,\"adminByType\":false,\"createBy\":\"\",\"params\":{},\"userEmail\":\"test2@qq.com\",\"userName\":\"何嘉乐2号\",\"userOrganization\":\"\",\"userPassword\":\"$2a$10$pAkKfsZhJJ5cwDrXweCuyO9kqMgOSsRIIO9V.vwFcpA8m22DTGl4u\",\"userPhone\":\"12312341234\",\"userScore\":0,\"userSex\":\"\",\"userStudentid\":\"2020014100\",\"userType\":\"01\"}',NULL,1,'nested exception is org.apache.ibatis.exceptions.PersistenceException: \r\n### Error updating database.  Cause: java.lang.NumberFormatException: For input string: \"$2a$10$pAkKfsZhJJ5cwDrXweCuyO9kqMgOSsRIIO9V.vwFcpA8m22DTGl4u\"\r\n### The error may exist in file [D:\\hejialebishe\\YiZhanShi\\yizhanshi-modules\\yizhanshi-system\\target\\classes\\mapper\\system\\SysUserMapper.xml]\r\n### The error may involve com.yizhanshi.system.mapper.SysUserMapper.insertUser\r\n### The error occurred while executing an update\r\n### Cause: java.lang.NumberFormatException: For input string: \"$2a$10$pAkKfsZhJJ5cwDrXweCuyO9kqMgOSsRIIO9V.vwFcpA8m22DTGl4u\"','2024-02-15 17:53:37',201),(4,'用户管理',1,'com.yizhanshi.system.controller.SysUserController.add()','POST',1,NULL,NULL,'/user','127.0.0.1','','{\"admin\":false,\"adminByType\":false,\"createBy\":\"\",\"params\":{},\"userEmail\":\"test2@qq.com\",\"userId\":123456790,\"userName\":\"何嘉乐2号\",\"userOrganization\":\"\",\"userPassword\":\"$2a$10$xkLjJM4Nztz/Ra4S39EgQef4dHkio.t6nSU3GyfJTLYxcqef.5Lym\",\"userPhone\":\"12312341234\",\"userScore\":0,\"userSex\":\"\",\"userStudentid\":\"2020014100\",\"userType\":\"01\"}','{\"msg\":\"操作成功\",\"code\":200}',0,NULL,'2024-02-15 18:01:58',175),(5,'用户管理',2,'com.yizhanshi.system.controller.SysUserController.edit()','PUT',1,NULL,NULL,'/user','127.0.0.1','','{\"admin\":false,\"adminByType\":false,\"params\":{},\"userDescription\":\"\",\"userEmail\":\"\",\"userId\":2020014759,\"userName\":\"何嘉乐\",\"userOrganization\":\"食品学院\",\"userPassword\":\"\",\"userPhone\":\"\",\"userPicture1\":\"\",\"userPicture2\":\"\",\"userPicture3\":\"\",\"userScore\":0,\"userSex\":\"\",\"userStudentid\":\"\",\"userType\":\"\"}',NULL,1,'没有权限访问用户数据！','2024-02-15 19:42:18',23),(6,'用户管理',2,'com.yizhanshi.system.controller.SysUserController.edit()','PUT',1,NULL,NULL,'/user','127.0.0.1','','{\"admin\":false,\"adminByType\":false,\"params\":{},\"userDescription\":\"\",\"userEmail\":\"\",\"userId\":2020014759,\"userName\":\"何嘉乐\",\"userOrganization\":\"食品学院\",\"userPassword\":\"\",\"userPhone\":\"\",\"userPicture1\":\"\",\"userPicture2\":\"\",\"userPicture3\":\"\",\"userScore\":0,\"userSex\":\"\",\"userStudentid\":\"\",\"userType\":\"\"}',NULL,1,'system:user:edit','2024-02-16 11:59:18',55),(7,'用户管理',2,'com.yizhanshi.system.controller.SysUserController.edit()','PUT',1,NULL,NULL,'/user','127.0.0.1','','{\"admin\":false,\"adminByType\":false,\"params\":{},\"userDescription\":\"\",\"userEmail\":\"\",\"userId\":2020014759,\"userName\":\"何嘉乐\",\"userOrganization\":\"食品学院\",\"userPassword\":\"\",\"userPhone\":\"\",\"userPicture1\":\"\",\"userPicture2\":\"\",\"userPicture3\":\"\",\"userScore\":0,\"userSex\":\"\",\"userStudentid\":\"\",\"userType\":\"\"}',NULL,1,'没有权限访问用户数据！','2024-02-16 12:00:04',8),(8,'用户管理',2,'com.yizhanshi.system.controller.SysUserController.edit()','PUT',1,NULL,NULL,'/user','127.0.0.1','','{\"admin\":false,\"adminByType\":false,\"params\":{},\"updateBy\":\"\",\"userDescription\":\"\",\"userEmail\":\"\",\"userId\":2020014759,\"userName\":\"何嘉乐\",\"userOrganization\":\"食品学院\",\"userPassword\":\"\",\"userPhone\":\"\",\"userPicture1\":\"\",\"userPicture2\":\"\",\"userPicture3\":\"\",\"userScore\":0,\"userSex\":\"\",\"userStudentid\":\"\",\"userType\":\"\"}','{\"msg\":\"操作失败\",\"code\":500}',0,NULL,'2024-02-16 12:01:37',83),(9,'用户管理',2,'com.yizhanshi.system.controller.SysUserController.edit()','PUT',1,NULL,NULL,'/user','127.0.0.1','','{\"admin\":false,\"adminByType\":false,\"params\":{},\"updateBy\":\"\",\"userDescription\":\"\",\"userEmail\":\"\",\"userId\":20123456788,\"userName\":\"何嘉乐\",\"userOrganization\":\"食品学院\",\"userPassword\":\"\",\"userPhone\":\"\",\"userPicture1\":\"\",\"userPicture2\":\"\",\"userPicture3\":\"\",\"userScore\":0,\"userSex\":\"\",\"userStudentid\":\"\",\"userType\":\"\"}','{\"msg\":\"操作失败\",\"code\":500}',0,NULL,'2024-02-16 12:02:46',18),(10,'用户管理',2,'com.yizhanshi.system.controller.SysUserController.edit()','PUT',1,NULL,NULL,'/user','127.0.0.1','','{\"admin\":false,\"adminByType\":false,\"params\":{},\"updateBy\":\"\",\"userDescription\":\"\",\"userEmail\":\"\",\"userId\":123456788,\"userName\":\"何嘉乐\",\"userOrganization\":\"食品学院\",\"userPassword\":\"\",\"userPhone\":\"\",\"userPicture1\":\"\",\"userPicture2\":\"\",\"userPicture3\":\"\",\"userScore\":0,\"userSex\":\"\",\"userStudentid\":\"\",\"userType\":\"\"}','{\"msg\":\"操作成功\",\"code\":200}',0,NULL,'2024-02-16 12:02:51',21),(11,'用户管理',3,'com.yizhanshi.system.controller.SysUserController.remove()','DELETE',1,NULL,NULL,'/user/123456790','127.0.0.1','','{}',NULL,1,'\r\n### Error updating database.  Cause: java.sql.SQLSyntaxErrorException: Table \'yizhanshi-system.sys_user_post\' doesn\'t exist\r\n### The error may exist in file [D:\\hejialebishe\\YiZhanShi\\yizhanshi-modules\\yizhanshi-system\\target\\classes\\mapper\\system\\SysUserPostMapper.xml]\r\n### The error may involve com.yizhanshi.system.mapper.SysUserPostMapper.deleteUserPost-Inline\r\n### The error occurred while setting parameters\r\n### SQL: delete from sys_user_post where user_id in     (       ?          )\r\n### Cause: java.sql.SQLSyntaxErrorException: Table \'yizhanshi-system.sys_user_post\' doesn\'t exist\n; bad SQL grammar []; nested exception is java.sql.SQLSyntaxErrorException: Table \'yizhanshi-system.sys_user_post\' doesn\'t exist','2024-02-16 12:13:01',106),(12,'用户管理',3,'com.yizhanshi.system.controller.SysUserController.remove()','DELETE',1,NULL,NULL,'/user/123456790','127.0.0.1','','{}','{\"msg\":\"操作成功\",\"code\":200}',0,NULL,'2024-02-16 12:16:30',112),(13,'用户管理',4,'com.yizhanshi.system.controller.SysUserController.insertAuthRole()','PUT',1,NULL,NULL,'/user/authRole','127.0.0.1','','{\"roleIds\":\"2\",\"userId\":\"123456790\"}',NULL,1,'system:user:edit','2024-02-16 15:31:46',10),(14,'用户管理',4,'com.yizhanshi.system.controller.SysUserController.insertAuthRole()','PUT',1,NULL,NULL,'/user/authRole','127.0.0.1','','{\"roleIds\":\"2\",\"userId\":\"123456790\"}',NULL,1,'没有权限访问用户数据！','2024-02-16 15:32:36',5),(15,'用户管理',4,'com.yizhanshi.system.controller.SysUserController.insertAuthRole()','PUT',1,NULL,NULL,'/user/authRole','127.0.0.1','','{\"roleIds\":\"2\",\"userId\":\"123456759\"}',NULL,1,'没有权限访问用户数据！','2024-02-16 15:37:35',4),(16,'用户管理',4,'com.yizhanshi.system.controller.SysUserController.insertAuthRole()','PUT',1,NULL,NULL,'/user/authRole','127.0.0.1','','{\"roleIds\":\"2\",\"userId\":\"123456788\"}','{\"msg\":\"操作成功\",\"code\":200}',0,NULL,'2024-02-16 15:38:11',46),(17,'用户管理',4,'com.yizhanshi.system.controller.SysUserController.insertAuthRole()','PUT',1,NULL,NULL,'/user/authRole','127.0.0.1','','{\"roleIds\":\"2\",\"userId\":\"123456788\"}','{\"msg\":\"操作成功\",\"code\":200}',0,NULL,'2024-02-16 15:38:32',14),(18,'角色管理',2,'com.yizhanshi.system.controller.SysRoleController.edit()','PUT',1,NULL,NULL,'/role','127.0.0.1','','{\"admin\":false,\"dataScope\":\"\",\"deptCheckStrictly\":false,\"flag\":false,\"menuCheckStrictly\":false,\"params\":{},\"permissions\":[\"null\"],\"roleId\":2,\"roleKey\":\"placeAdmin1\",\"roleName\":\"场地一级管理员test\",\"roleSort\":1,\"status\":\"\"}',NULL,1,'\r\n### Error querying database.  Cause: java.sql.SQLSyntaxErrorException: Unknown column \'r.menu_check_strictly\' in \'field list\'\r\n### The error may exist in file [D:\\hejialebishe\\YiZhanShi\\yizhanshi-modules\\yizhanshi-system\\target\\classes\\mapper\\system\\SysRoleMapper.xml]\r\n### The error may involve com.yizhanshi.system.mapper.SysRoleMapper.selectRoleList-Inline\r\n### The error occurred while setting parameters\r\n### SQL: select distinct r.role_id, r.role_name, r.role_key, r.role_sort, r.data_scope,   r.menu_check_strictly, r.dept_check_strictly,   r.status, r.del_flag, r.create_time, r.remark         from system_role r          left join system_user_role ur on ur.role_id = r.role_id          left join system_user u on u.user_id = ur.user_id          left join system_dept d on u.dept_id = d.dept_id         where r.del_flag = \'0\'        AND r.role_id = ?                                 order by r.role_sort\r\n### Cause: java.sql.SQLSyntaxErrorException: Unknown column \'r.menu_check_strictly\' in \'field list\'\n; bad SQL grammar []; nested exception is java.sql.SQLSyntaxErrorException: Unknown column \'r.menu_check_strictly\' in \'field list\'','2024-02-19 12:32:00',117),(19,'角色管理',2,'com.yizhanshi.system.controller.SysRoleController.edit()','PUT',1,NULL,NULL,'/role','127.0.0.1','','{\"admin\":false,\"dataScope\":\"1\",\"deptCheckStrictly\":false,\"flag\":false,\"menuCheckStrictly\":false,\"params\":{},\"permissions\":[\"null\"],\"roleId\":2,\"roleKey\":\"placeAdmin1\",\"roleName\":\"场地一级管理员test\",\"roleSort\":1}',NULL,1,'\r\n### Error querying database.  Cause: java.sql.SQLSyntaxErrorException: Unknown column \'r.menu_check_strictly\' in \'field list\'\r\n### The error may exist in file [D:\\hejialebishe\\YiZhanShi\\yizhanshi-modules\\yizhanshi-system\\target\\classes\\mapper\\system\\SysRoleMapper.xml]\r\n### The error may involve com.yizhanshi.system.mapper.SysRoleMapper.selectRoleList-Inline\r\n### The error occurred while setting parameters\r\n### SQL: select distinct r.role_id, r.role_name, r.role_key, r.role_sort, r.data_scope,   r.menu_check_strictly, r.dept_check_strictly,   r.status, r.del_flag, r.create_time, r.remark         from system_role r          left join system_user_role ur on ur.role_id = r.role_id          left join system_user u on u.user_id = ur.user_id          left join system_dept d on u.dept_id = d.dept_id         where r.del_flag = \'0\'        AND r.role_id = ?                                 order by r.role_sort\r\n### Cause: java.sql.SQLSyntaxErrorException: Unknown column \'r.menu_check_strictly\' in \'field list\'\n; bad SQL grammar []; nested exception is java.sql.SQLSyntaxErrorException: Unknown column \'r.menu_check_strictly\' in \'field list\'','2024-02-19 12:33:55',7),(20,'角色管理',2,'com.yizhanshi.system.controller.SysRoleController.edit()','PUT',1,NULL,NULL,'/role','127.0.0.1','','{\"admin\":false,\"dataScope\":\"1\",\"deptCheckStrictly\":false,\"flag\":false,\"menuCheckStrictly\":false,\"params\":{},\"permissions\":[\"\"],\"roleId\":2,\"roleKey\":\"placeAdmin1\",\"roleName\":\"场地一级管理员test\",\"roleSort\":1,\"updateBy\":\"\"}',NULL,1,'','2024-02-19 12:36:00',107),(21,'角色管理',2,'com.yizhanshi.system.controller.SysRoleController.edit()','PUT',1,NULL,NULL,'/role','127.0.0.1','','{\"admin\":false,\"dataScope\":\"1\",\"deptCheckStrictly\":false,\"flag\":false,\"menuCheckStrictly\":false,\"params\":{},\"permissions\":[\"\"],\"roleId\":2,\"roleKey\":\"placeAdmin1\",\"roleName\":\"场地一级管理员test\",\"roleSort\":1,\"updateBy\":\"\"}',NULL,1,'','2024-02-19 12:41:32',84),(22,'角色管理',2,'com.yizhanshi.system.controller.SysRoleController.edit()','PUT',1,NULL,NULL,'/role','127.0.0.1','','{\"admin\":false,\"dataScope\":\"1\",\"deptCheckStrictly\":false,\"flag\":false,\"menuCheckStrictly\":false,\"params\":{},\"roleId\":2,\"roleKey\":\"placeAdmin1\",\"roleName\":\"场地一级管理员test\",\"roleSort\":1,\"updateBy\":\"\"}',NULL,1,'','2024-02-19 14:04:27',49),(23,'角色管理',2,'com.yizhanshi.system.controller.SysRoleController.edit()','PUT',1,NULL,NULL,'/role','127.0.0.1','','{\"admin\":false,\"dataScope\":\"1\",\"deptCheckStrictly\":false,\"flag\":false,\"menuCheckStrictly\":false,\"params\":{},\"roleId\":2,\"roleKey\":\"placeAdmin1\",\"roleName\":\"场地一级管理员test\",\"roleSort\":1,\"updateBy\":\"\"}',NULL,1,'','2024-02-19 14:05:10',16),(24,'角色管理',2,'com.yizhanshi.system.controller.SysRoleController.edit()','PUT',1,NULL,NULL,'/role','127.0.0.1','','{\"admin\":false,\"dataScope\":\"1\",\"deptCheckStrictly\":false,\"flag\":false,\"menuCheckStrictly\":false,\"params\":{},\"permissions\":[\"101\",\"102\",\"103\"],\"roleId\":2,\"roleKey\":\"placeAdmin1\",\"roleName\":\"场地一级管理员test\",\"roleSort\":1,\"updateBy\":\"\"}',NULL,1,'','2024-02-19 14:06:34',21),(25,'角色管理',2,'com.yizhanshi.system.controller.SysRoleController.edit()','PUT',1,NULL,NULL,'/role','127.0.0.1','','{\"admin\":false,\"dataScope\":\"1\",\"deptCheckStrictly\":false,\"flag\":false,\"menuCheckStrictly\":false,\"params\":{},\"permissions\":[\"101\",\"102\",\"103\"],\"roleId\":2,\"roleKey\":\"placeAdmin1\",\"roleName\":\"场地一级管理员test\",\"roleSort\":1,\"updateBy\":\"\"}',NULL,1,'','2024-02-19 14:10:17',99),(26,'角色管理',2,'com.yizhanshi.system.controller.SysRoleController.edit()','PUT',1,NULL,NULL,'/role','127.0.0.1','','{\"admin\":false,\"dataScope\":\"1\",\"deptCheckStrictly\":false,\"flag\":false,\"menuCheckStrictly\":false,\"params\":{},\"resourceIds\":[101,1007,1008,1009,1010,1011],\"roleId\":2,\"roleKey\":\"placeAdmin1\",\"roleName\":\"场地一级管理员test\",\"roleSort\":1,\"updateBy\":\"\"}','{\"msg\":\"操作成功\",\"code\":200}',0,NULL,'2024-02-19 14:12:19',34),(27,'角色管理',2,'com.yizhanshi.system.controller.SysRoleController.dataScope()','PUT',1,NULL,NULL,'/role/dataScope','127.0.0.1','','{\"admin\":false,\"dataScope\":\"2\",\"deptCheckStrictly\":false,\"deptIds\":[2],\"flag\":false,\"menuCheckStrictly\":false,\"params\":{},\"roleId\":2}',NULL,1,'system:role:edit','2024-02-19 14:27:39',0),(28,'角色管理',2,'com.yizhanshi.system.controller.SysRoleController.dataScope()','PUT',1,NULL,NULL,'/role/dataScope','127.0.0.1','','{\"admin\":false,\"dataScope\":\"2\",\"deptCheckStrictly\":false,\"deptIds\":[2],\"flag\":false,\"menuCheckStrictly\":false,\"params\":{},\"roleId\":2}','{\"msg\":\"操作成功\",\"code\":200}',0,NULL,'2024-02-19 14:27:53',17),(29,'角色管理',2,'com.yizhanshi.system.controller.SysRoleController.changeStatus()','PUT',1,NULL,NULL,'/role/changeStatus','127.0.0.1','','{\"admin\":false,\"deptCheckStrictly\":false,\"flag\":false,\"menuCheckStrictly\":false,\"params\":{},\"roleId\":2,\"status\":\"1\"}',NULL,1,'system:role:edit','2024-02-19 14:29:14',0),(30,'角色管理',2,'com.yizhanshi.system.controller.SysRoleController.changeStatus()','PUT',1,NULL,NULL,'/role/changeStatus','127.0.0.1','','{\"admin\":false,\"deptCheckStrictly\":false,\"flag\":false,\"menuCheckStrictly\":false,\"params\":{},\"roleId\":2,\"status\":\"1\",\"updateBy\":\"\"}','{\"msg\":\"操作成功\",\"code\":200}',0,NULL,'2024-02-19 14:29:23',15),(31,'角色管理',2,'com.yizhanshi.system.controller.SysRoleController.changeStatus()','PUT',1,NULL,NULL,'/role/changeStatus','127.0.0.1','','{\"admin\":false,\"deptCheckStrictly\":false,\"flag\":false,\"menuCheckStrictly\":false,\"params\":{},\"roleId\":2,\"status\":\"0\",\"updateBy\":\"\"}','{\"msg\":\"操作成功\",\"code\":200}',0,NULL,'2024-02-19 14:29:34',13),(32,'角色管理',4,'com.yizhanshi.system.controller.SysRoleController.cancelAuthUser()','PUT',1,NULL,NULL,'/role/authUser/cancel','127.0.0.1','','{\"roleId\":2,\"userId\":123456788}',NULL,1,'system:role:edit','2024-02-19 16:57:37',11),(33,'角色管理',4,'com.yizhanshi.system.controller.SysRoleController.cancelAuthUser()','PUT',1,NULL,NULL,'/role/authUser/cancel','127.0.0.1','','{\"roleId\":2,\"userId\":123456788}','{\"msg\":\"操作成功\",\"code\":200}',0,NULL,'2024-02-19 16:57:58',20),(34,'角色管理',4,'com.yizhanshi.system.controller.SysRoleController.cancelAuthUserAll()','PUT',1,NULL,NULL,'/role/authUser/cancelAll','127.0.0.1','','{\"roleId\":\"2\",\"userIds\":\"123456788\"}','{\"msg\":\"操作成功\",\"code\":200}',0,NULL,'2024-02-19 17:01:58',11),(35,'角色管理',4,'com.yizhanshi.system.controller.SysRoleController.cancelAuthUser()','PUT',1,NULL,NULL,'/role/authUser/cancel','127.0.0.1','','{\"roleId\":2,\"userId\":123456788}','{\"msg\":\"操作成功\",\"code\":200}',0,NULL,'2024-02-19 18:14:35',22),(36,'资源管理',2,'com.yizhanshi.system.controller.SysResourceController.edit()','PUT',1,NULL,NULL,'/resource','127.0.0.1','','{\"children\":[],\"component\":\"\",\"icon\":\"\",\"isCache\":\"\",\"isFrame\":\"\",\"orderNum\":1,\"params\":{},\"parentName\":\"\",\"path\":\"\",\"perms\":\"\",\"query\":\"\",\"remark\":\"你好\",\"resourceId\":100,\"resourceName\":\"用户管理\",\"resourceType\":\"M\",\"status\":\"0\",\"updateBy\":\"\",\"visible\":\"0\"}','{\"msg\":\"操作成功\",\"code\":200}',0,NULL,'2024-02-19 18:36:28',72),(37,'资源管理',3,'com.yizhanshi.system.controller.SysResourceController.remove()','DELETE',1,NULL,NULL,'/resource/100','127.0.0.1','','{}','{\"msg\":\"存在子资源,不允许删除\",\"code\":601}',0,NULL,'2024-02-19 18:41:09',5),(38,'字典类型',5,'com.yizhanshi.system.controller.SysDictTypeController.export()','POST',1,NULL,NULL,'/dict/type/export','127.0.0.1','','{\"pageSize\":\"20\",\"pageNum\":\"1\"}',NULL,0,NULL,'2024-02-20 12:25:40',1462),(39,'部门管理',1,'com.yizhanshi.system.controller.SysDeptController.add()','POST',1,NULL,NULL,'/dept','127.0.0.1','','{\"ancestors\":\",1\",\"children\":[],\"createBy\":\"\",\"deptName\":\"场地管理系统\",\"email\":\"test@qq.com\",\"leader\":\"李\",\"orderNum\":1,\"params\":{},\"parentId\":1,\"phone\":\"12312341234\",\"status\":\"0\"}','{\"msg\":\"操作成功\",\"code\":200}',0,NULL,'2024-02-21 18:24:05',32),(40,'部门管理',2,'com.yizhanshi.system.controller.SysDeptController.edit()','PUT',1,NULL,NULL,'/dept','127.0.0.1','','{\"ancestors\":\"0,1\",\"children\":[],\"deptId\":4,\"deptName\":\"场地管理系统\",\"email\":\"test@qq.com\",\"leader\":\"李某\",\"orderNum\":1,\"params\":{},\"parentId\":1,\"phone\":\"12312341234\",\"status\":\"0\",\"updateBy\":\"\"}','{\"msg\":\"操作成功\",\"code\":200}',0,NULL,'2024-02-21 18:26:45',32),(41,'字典类型',1,'com.yizhanshi.system.controller.SysDictTypeController.add()','POST',1,NULL,NULL,'/dict/type','127.0.0.1','','{\"pageSize\":\"20\",\"pageNum\":\"1\"}',NULL,1,'system:dict:add','2024-02-21 18:36:19',2),(42,'字典类型',1,'com.yizhanshi.system.controller.SysDictTypeController.add()','POST',1,NULL,NULL,'/dict/type','127.0.0.1','','{\"pageSize\":\"20\",\"pageNum\":\"1\"}','{\"msg\":\"操作成功\",\"code\":200}',0,NULL,'2024-02-21 18:36:43',28),(43,'字典类型',2,'com.yizhanshi.system.controller.SysDictTypeController.edit()','PUT',1,NULL,NULL,'/dict/type','127.0.0.1','','{\"pageSize\":\"20\",\"pageNum\":\"1\"}','{\"msg\":\"操作成功\",\"code\":200}',0,NULL,'2024-02-21 18:37:39',33),(44,'字典类型',3,'com.yizhanshi.system.controller.SysDictTypeController.remove()','DELETE',1,NULL,NULL,'/dict/type/11','127.0.0.1','','{}','{\"msg\":\"操作成功\",\"code\":200}',0,NULL,'2024-02-21 18:38:56',16),(45,'字典类型',1,'com.yizhanshi.system.controller.SysDictTypeController.add()','POST',1,NULL,NULL,'/dict/type','127.0.0.1','','{\"pageSize\":\"20\",\"pageNum\":\"1\"}','{\"msg\":\"操作成功\",\"code\":200}',0,NULL,'2024-02-21 18:39:05',20),(46,'字典类型',9,'com.yizhanshi.system.controller.SysDictTypeController.refreshCache()','DELETE',1,NULL,NULL,'/dict/type/refreshCache','127.0.0.1','','{}','{\"msg\":\"操作成功\",\"code\":200}',0,NULL,'2024-02-21 18:43:38',35),(47,'字典数据',1,'com.yizhanshi.system.controller.SysDictDataController.add()','POST',1,NULL,NULL,'/dict/data','127.0.0.1','','{\"createBy\":\"\",\"cssClass\":\"\",\"default\":true,\"dictLabel\":\"直升机\",\"dictSort\":4,\"dictType\":\"sys_user_sex\",\"dictValue\":\"3\",\"isDefault\":\"Y\",\"listClass\":\"\",\"params\":{},\"remark\":\"测试\",\"status\":\"0\"}','{\"msg\":\"操作成功\",\"code\":200}',0,NULL,'2024-02-22 14:51:05',63),(48,'字典数据',2,'com.yizhanshi.system.controller.SysDictDataController.edit()','PUT',1,NULL,NULL,'/dict/data','127.0.0.1','','{\"cssClass\":\"\",\"default\":true,\"dictCode\":30,\"dictLabel\":\"直升机test\",\"dictSort\":4,\"dictType\":\"sys_user_sex\",\"dictValue\":\"3\",\"isDefault\":\"Y\",\"listClass\":\"\",\"params\":{},\"remark\":\"测试\",\"status\":\"0\",\"updateBy\":\"\"}','{\"msg\":\"操作成功\",\"code\":200}',0,NULL,'2024-02-22 14:52:38',17),(49,'字典类型',3,'com.yizhanshi.system.controller.SysDictDataController.remove()','DELETE',1,NULL,NULL,'/dict/data/30','127.0.0.1','','{}','{\"msg\":\"操作成功\",\"code\":200}',0,NULL,'2024-02-22 14:53:43',23),(50,'登录日志',5,'com.yizhanshi.system.controller.SysLogininforController.export()','POST',1,NULL,NULL,'/logininfor/export','127.0.0.1','','{\"params\":{}}',NULL,0,NULL,'2024-02-22 16:11:41',937),(51,'登录日志',3,'com.yizhanshi.system.controller.SysLogininforController.clean()','DELETE',1,NULL,NULL,'/logininfor/clean','127.0.0.1','','{}','{\"msg\":\"操作成功\",\"code\":200}',0,NULL,'2024-02-22 16:14:22',59),(52,'参数管理',1,'com.yizhanshi.system.controller.SysConfigController.add()','POST',1,NULL,NULL,'/config','127.0.0.1','','{\"configKey\":\"sys.test\",\"configName\":\"test\",\"configType\":\"Y\",\"configValue\":\"test\",\"createBy\":\"\",\"params\":{}}','{\"msg\":\"操作成功\",\"code\":200}',0,NULL,'2024-02-22 17:53:39',35),(53,'参数管理',2,'com.yizhanshi.system.controller.SysConfigController.edit()','PUT',1,NULL,NULL,'/config','127.0.0.1','','{\"configId\":6,\"configKey\":\"sys.test\",\"configName\":\"test\",\"configType\":\"Y\",\"configValue\":\"test\",\"params\":{},\"remark\":\"这是测试\",\"updateBy\":\"\"}','{\"msg\":\"操作成功\",\"code\":200}',0,NULL,'2024-02-22 17:54:55',19),(54,'通知公告',1,'com.yizhanshi.system.controller.SysNoticeController.add()','POST',1,NULL,NULL,'/notice','127.0.0.1','','{\"createBy\":\"\",\"noticeContent\":\"这是一个测试文档\",\"noticeTitle\":\"测试\",\"noticeType\":\"2\",\"params\":{},\"status\":\"0\"}','{\"msg\":\"操作成功\",\"code\":200}',0,NULL,'2024-02-22 18:39:12',31),(55,'场地管理',5,'com.yizhanshi.place.controller.PlaceController.export()','POST',1,NULL,NULL,'/place/export','127.0.0.1','','{\"params\":{},\"placeCapacity\":0}',NULL,0,NULL,'2024-02-28 17:36:30',1034),(56,'场地管理',5,'com.yizhanshi.place.controller.PlaceController.export()','POST',1,NULL,NULL,'/place/export','127.0.0.1','','{\"params\":{},\"placeCampus\":\"北校区\",\"placeCapacity\":10,\"placeDescription\":\"\",\"placeName\":\"\"}',NULL,0,NULL,'2024-02-28 17:38:06',857),(57,'场地管理',1,'com.yizhanshi.place.controller.PlaceController.addPlace()','POST',1,NULL,NULL,'/place','127.0.0.1','','{\"createBy\":\"\",\"managerName\":\"适与计将采组\",\"managerPhone\":\"18188512775\",\"params\":{},\"placeCampus\":\"北校区\",\"placeCapacity\":30,\"placeDescription\":\"好好好\",\"placeName\":\"18-2竞赛室\",\"placePicture1\":\"http://dummyimage.com/400x400\",\"placePicture2\":\"http://dummyimage.com/400x400\",\"placePicture3\":\"http://dummyimage.com/400x400\",\"remark\":\"dolor minim\"}',NULL,1,'nested exception is org.apache.ibatis.exceptions.PersistenceException: \r\n### Error updating database.  Cause: java.lang.NumberFormatException: For input string: \"18-2竞赛室\"\r\n### The error may exist in file [D:\\hejialebishe\\YiZhanShi\\yizhanshi-modules\\yizhanshi-place\\target\\classes\\mapper\\place\\PlaceMapper.xml]\r\n### The error may involve com.yizhanshi.place.mapper.PlaceMapper.insertPlace\r\n### The error occurred while executing an update\r\n### Cause: java.lang.NumberFormatException: For input string: \"18-2竞赛室\"','2024-02-28 17:45:26',16),(58,'场地管理',1,'com.yizhanshi.place.controller.PlaceController.addPlace()','POST',1,NULL,NULL,'/place','127.0.0.1','','{\"createBy\":\"\",\"managerName\":\"适与计将采组\",\"managerPhone\":\"18188512775\",\"params\":{},\"placeCampus\":\"北校区\",\"placeCapacity\":30,\"placeDescription\":\"好好好\",\"placeId\":3,\"placeName\":\"18-2竞赛室\",\"placePicture1\":\"http://dummyimage.com/400x400\",\"placePicture2\":\"http://dummyimage.com/400x400\",\"placePicture3\":\"http://dummyimage.com/400x400\",\"remark\":\"dolor minim\"}','{\"msg\":\"操作成功\",\"code\":200}',0,NULL,'2024-02-28 17:46:56',167),(59,'场地管理',2,'com.yizhanshi.place.controller.PlaceController.editPlace()','PUT',1,NULL,NULL,'/place','127.0.0.1','','{\"managerName\":\"适与计将采组\",\"managerPhone\":\"18188512775\",\"params\":{},\"placeCampus\":\"北校区\",\"placeCapacity\":30,\"placeDescription\":\"好好好\",\"placeId\":3,\"placeName\":\"18-2test竞赛室\",\"placePicture1\":\"http://dummyimage.com/400x400\",\"placePicture2\":\"http://dummyimage.com/400x400\",\"placePicture3\":\"http://dummyimage.com/400x400\",\"remark\":\"dolor minim\",\"updateBy\":\"\"}',NULL,1,'nested exception is org.apache.ibatis.exceptions.PersistenceException: \r\n### Error updating database.  Cause: java.lang.NumberFormatException: For input string: \"18-2test竞赛室\"\r\n### The error may exist in file [D:\\hejialebishe\\YiZhanShi\\yizhanshi-modules\\yizhanshi-place\\target\\classes\\mapper\\place\\PlaceMapper.xml]\r\n### The error may involve com.yizhanshi.place.mapper.PlaceMapper.updatePlace\r\n### The error occurred while executing an update\r\n### Cause: java.lang.NumberFormatException: For input string: \"18-2test竞赛室\"','2024-02-28 17:47:55',9),(60,'场地管理',2,'com.yizhanshi.place.controller.PlaceController.editPlace()','PUT',1,NULL,NULL,'/place','127.0.0.1','','{\"managerName\":\"适与计将采组\",\"managerPhone\":\"18188512775\",\"params\":{},\"placeCampus\":\"北校区\",\"placeCapacity\":30,\"placeDescription\":\"好好好\",\"placeId\":3,\"placeName\":\"18-2test竞赛室\",\"placePicture1\":\"http://dummyimage.com/400x400\",\"placePicture2\":\"http://dummyimage.com/400x400\",\"placePicture3\":\"http://dummyimage.com/400x400\",\"remark\":\"dolor minim\",\"updateBy\":\"\"}','{\"msg\":\"操作成功\",\"code\":200}',0,NULL,'2024-02-28 17:49:37',153),(61,'场地管理',3,'com.yizhanshi.place.controller.PlaceController.removePlace()','DELETE',1,NULL,NULL,'/place/3','127.0.0.1','','{}','{\"msg\":\"操作成功\",\"code\":200}',0,NULL,'2024-02-28 17:50:52',42),(62,'场地申请管理',2,'com.yizhanshi.place.controller.PlaceApplyController.editPlaceApply()','PUT',1,NULL,NULL,'/placeApply','127.0.0.1','','{\"applyContent\":\"好好好\",\"applyId\":1,\"applyName\":\"\",\"applyNumber\":0,\"params\":{},\"reasonId\":0,\"remark\":\"哈哈\",\"updateBy\":\"\"}','{\"msg\":\"操作成功\",\"code\":200}',0,NULL,'2024-02-28 19:21:55',160),(63,'场地申请管理',5,'com.yizhanshi.place.controller.PlaceApplyController.export()','POST',1,NULL,NULL,'/placeApply/export','127.0.0.1','','{\"applyNumber\":0,\"params\":{},\"reasonId\":0}',NULL,0,NULL,'2024-02-28 19:24:39',846),(64,'场地申请管理',5,'com.yizhanshi.place.controller.PlaceApplyController.export()','POST',1,NULL,NULL,'/placeApply/export','127.0.0.1','','{\"applyNumber\":0,\"params\":{},\"reasonId\":0}',NULL,0,NULL,'2024-02-28 19:26:50',995),(65,'场地申请管理',1,'com.yizhanshi.place.controller.PlaceApplyController.addPlaceApply()','POST',1,NULL,NULL,'/placeApply','127.0.0.1','','{\"applyContent\":\"测试\",\"applyDay\":\"2024-02-29\",\"applyEndTime\":\"09:30\",\"applyName\":\"何嘉乐\",\"applyNumber\":15,\"applyStartTime\":\"09:00\",\"instructorName\":\"革又几元世\",\"instructorOrgnization\":\"laboris commodo labore laborum ea\",\"instructorPhone\":\"18646369284\",\"instructorStudentid\":\"44\",\"params\":{},\"placeId\":1,\"reasonId\":1,\"timeEndId\":2,\"timeStartId\":1,\"userStudentid\":\"2020014759\"}','{\"msg\":\"时间冲突!请查看当天场地预约信息后修改时间\",\"code\":500}',0,NULL,'2024-02-28 19:30:17',18),(66,'场地申请管理',1,'com.yizhanshi.place.controller.PlaceApplyController.addPlaceApply()','POST',1,NULL,NULL,'/placeApply','127.0.0.1','','{\"applyContent\":\"测试\",\"applyDay\":\"2024-02-29\",\"applyEndTime\":\"09:30\",\"applyName\":\"何嘉乐\",\"applyNumber\":15,\"applyStartTime\":\"09:00\",\"instructorName\":\"革又几元世\",\"instructorOrgnization\":\"laboris commodo labore laborum ea\",\"instructorPhone\":\"18646369284\",\"instructorStudentid\":\"44\",\"params\":{},\"placeId\":1,\"reasonId\":1,\"timeEndId\":2,\"timeStartId\":1,\"userStudentid\":\"2020014759\"}','{\"msg\":\"时间冲突!请查看当天场地预约信息后修改时间\",\"code\":500}',0,NULL,'2024-02-28 19:39:05',478418),(67,'场地申请管理',1,'com.yizhanshi.place.controller.PlaceApplyController.addPlaceApply()','POST',1,NULL,NULL,'/placeApply','127.0.0.1','','{\"applyContent\":\"测试\",\"applyDay\":\"2024-02-29\",\"applyEndTime\":\"09:30\",\"applyName\":\"何嘉乐\",\"applyNumber\":15,\"applyStartTime\":\"09:00\",\"instructorName\":\"革又几元世\",\"instructorOrgnization\":\"laboris commodo labore laborum ea\",\"instructorPhone\":\"18646369284\",\"instructorStudentid\":\"44\",\"params\":{},\"placeId\":1,\"reasonId\":1,\"timeEndId\":2,\"timeStartId\":1,\"userStudentid\":\"2020014759\"}','{\"msg\":\"时间冲突!请查看当天场地预约信息后修改时间\",\"code\":500}',0,NULL,'2024-02-28 19:43:05',103109),(68,'场地申请管理',1,'com.yizhanshi.place.controller.PlaceApplyController.addPlaceApply()','POST',1,NULL,NULL,'/placeApply','127.0.0.1','','{\"applyContent\":\"测试\",\"applyDay\":\"2024-02-29\",\"applyEndTime\":\"09:30\",\"applyName\":\"何嘉乐\",\"applyNumber\":15,\"applyStartTime\":\"09:00\",\"instructorName\":\"革又几元世\",\"instructorOrgnization\":\"laboris commodo labore laborum ea\",\"instructorPhone\":\"18646369284\",\"instructorStudentid\":\"44\",\"params\":{},\"placeId\":1,\"reasonId\":1,\"timeEndId\":2,\"timeStartId\":1,\"userStudentid\":\"2020014759\"}',NULL,1,'','2024-02-28 19:46:24',80),(69,'场地申请管理',1,'com.yizhanshi.place.controller.PlaceApplyController.addPlaceApply()','POST',1,NULL,NULL,'/placeApply','127.0.0.1','','{\"applyContent\":\"测试\",\"applyDay\":\"2024-02-29 00:00:00\",\"applyEndTime\":\"09:30\",\"applyName\":\"何嘉乐\",\"applyNumber\":15,\"applyStartTime\":\"09:00\",\"instructorName\":\"革又几元世\",\"instructorOrgnization\":\"laboris commodo labore laborum ea\",\"instructorPhone\":\"18646369284\",\"instructorStudentid\":\"44\",\"params\":{},\"placeId\":1,\"reasonId\":1,\"timeEndId\":2,\"timeStartId\":1,\"userStudentid\":\"2020014759\"}',NULL,1,'nested exception is org.apache.ibatis.exceptions.PersistenceException: \r\n### Error querying database.  Cause: java.lang.IllegalArgumentException: invalid comparison: java.util.Date and java.lang.String\r\n### Cause: java.lang.IllegalArgumentException: invalid comparison: java.util.Date and java.lang.String','2024-02-28 19:48:16',34504),(70,'场地申请管理',1,'com.yizhanshi.place.controller.PlaceApplyController.addPlaceApply()','POST',1,NULL,NULL,'/placeApply','127.0.0.1','','{\"applyContent\":\"测试\",\"applyDay\":\"2024-02-29 00:00:00\",\"applyEndTime\":\"09:30\",\"applyName\":\"何嘉乐\",\"applyNumber\":15,\"applyStartTime\":\"09:00\",\"instructorName\":\"革又几元世\",\"instructorOrgnization\":\"laboris commodo labore laborum ea\",\"instructorPhone\":\"18646369284\",\"instructorStudentid\":\"44\",\"params\":{},\"placeId\":1,\"reasonId\":1,\"timeEndId\":2,\"timeStartId\":1,\"userStudentid\":\"2020014759\"}',NULL,1,'nested exception is org.apache.ibatis.exceptions.PersistenceException: \r\n### Error querying database.  Cause: java.lang.IllegalArgumentException: invalid comparison: java.util.Date and java.lang.String\r\n### Cause: java.lang.IllegalArgumentException: invalid comparison: java.util.Date and java.lang.String','2024-02-28 19:51:18',6282),(71,'场地申请管理',1,'com.yizhanshi.place.controller.PlaceApplyController.addPlaceApply()','POST',1,NULL,NULL,'/placeApply','127.0.0.1','','{\"applyContent\":\"测试\",\"applyDay\":\"2024-02-29 00:00:00\",\"applyEndTime\":\"09:30\",\"applyName\":\"何嘉乐\",\"applyNumber\":15,\"applyStartTime\":\"09:00\",\"instructorName\":\"革又几元世\",\"instructorOrgnization\":\"laboris commodo labore laborum ea\",\"instructorPhone\":\"18646369284\",\"instructorStudentid\":\"44\",\"params\":{},\"placeId\":1,\"reasonId\":1,\"timeEndId\":2,\"timeStartId\":1,\"userStudentid\":\"2020014759\"}',NULL,1,'nested exception is org.apache.ibatis.exceptions.PersistenceException: \r\n### Error querying database.  Cause: java.lang.IllegalArgumentException: invalid comparison: java.util.Date and java.lang.String\r\n### Cause: java.lang.IllegalArgumentException: invalid comparison: java.util.Date and java.lang.String','2024-02-28 19:53:41',8469),(72,'场地申请管理',1,'com.yizhanshi.place.controller.PlaceApplyController.addPlaceApply()','POST',1,NULL,NULL,'/placeApply','127.0.0.1','','{\"applyContent\":\"测试\",\"applyDay\":\"2024-02-29 00:00:00\",\"applyEndTime\":\"09:30\",\"applyName\":\"何嘉乐\",\"applyNumber\":15,\"applyStartTime\":\"09:00\",\"instructorName\":\"革又几元世\",\"instructorOrgnization\":\"laboris commodo labore laborum ea\",\"instructorPhone\":\"18646369284\",\"instructorStudentid\":\"44\",\"params\":{},\"placeId\":1,\"reasonId\":1,\"timeEndId\":2,\"timeStartId\":1,\"userStudentid\":\"2020014759\"}',NULL,1,'nested exception is org.apache.ibatis.exceptions.PersistenceException: \r\n### Error querying database.  Cause: java.lang.IllegalArgumentException: invalid comparison: java.util.Date and java.lang.String\r\n### Cause: java.lang.IllegalArgumentException: invalid comparison: java.util.Date and java.lang.String','2024-02-28 20:01:52',8287),(73,'场地申请管理',1,'com.yizhanshi.place.controller.PlaceApplyController.addPlaceApply()','POST',1,NULL,NULL,'/placeApply','127.0.0.1','','{\"applyContent\":\"测试\",\"applyDay\":\"2024-02-29 00:00:00\",\"applyEndTime\":\"09:30\",\"applyName\":\"何嘉乐\",\"applyNumber\":15,\"applyStartTime\":\"09:00\",\"instructorName\":\"革又几元世\",\"instructorOrgnization\":\"laboris commodo labore laborum ea\",\"instructorPhone\":\"18646369284\",\"instructorStudentid\":\"44\",\"params\":{\"chooseDay\":\"2024-02-29\"},\"placeId\":1,\"reasonId\":1,\"timeEndId\":2,\"timeStartId\":1,\"userStudentid\":\"2020014759\"}','{\"msg\":\"时间冲突!请查看当天场地预约信息后修改时间\",\"code\":500}',0,NULL,'2024-02-29 11:42:44',168267),(74,'场地申请管理',1,'com.yizhanshi.place.controller.PlaceApplyController.addPlaceApply()','POST',1,NULL,NULL,'/placeApply','127.0.0.1','','{\"applyContent\":\"测试\",\"applyDay\":\"2024-02-29 00:00:00\",\"applyEndTime\":\"09:30\",\"applyName\":\"何嘉乐\",\"applyNumber\":15,\"applyStartTime\":\"09:00\",\"createBy\":\"\",\"instructorName\":\"革又几元世\",\"instructorOrgnization\":\"laboris commodo labore laborum ea\",\"instructorPhone\":\"18646369284\",\"instructorStudentid\":\"44\",\"params\":{\"chooseDay\":\"2024\"},\"placeId\":1,\"reasonId\":1,\"timeEndId\":2,\"timeStartId\":1,\"userStudentid\":\"2020014759\"}',NULL,1,'nested exception is org.apache.ibatis.exceptions.PersistenceException: \r\n### Error updating database.  Cause: java.lang.IllegalArgumentException: invalid comparison: java.util.Date and java.lang.String\r\n### The error may exist in file [D:\\hejialebishe\\YiZhanShi\\yizhanshi-modules\\yizhanshi-place\\target\\classes\\mapper\\place\\PlaceApplyMapper.xml]\r\n### The error may involve com.yizhanshi.place.mapper.PlaceApplyMapper.insertPlaceApply\r\n### The error occurred while executing an update\r\n### Cause: java.lang.IllegalArgumentException: invalid comparison: java.util.Date and java.lang.String','2024-02-29 11:43:26',11175),(75,'场地申请管理',1,'com.yizhanshi.place.controller.PlaceApplyController.addPlaceApply()','POST',1,NULL,NULL,'/placeApply','127.0.0.1','','{\"applyContent\":\"测试\",\"applyDay\":\"2024-02-29 00:00:00\",\"applyEndTime\":\"09:30\",\"applyName\":\"何嘉乐\",\"applyNumber\":15,\"applyStartTime\":\"09:00\",\"createBy\":\"\",\"instructorName\":\"革又几元世\",\"instructorOrgnization\":\"laboris commodo labore laborum ea\",\"instructorPhone\":\"18646369284\",\"instructorStudentid\":\"44\",\"params\":{\"chooseDay\":\"2024\"},\"placeId\":1,\"reasonId\":1,\"timeEndId\":2,\"timeStartId\":1,\"userStudentid\":\"2020014759\"}',NULL,1,'nested exception is org.apache.ibatis.exceptions.PersistenceException: \r\n### Error updating database.  Cause: java.lang.IllegalArgumentException: invalid comparison: java.util.Date and java.lang.String\r\n### The error may exist in file [D:\\hejialebishe\\YiZhanShi\\yizhanshi-modules\\yizhanshi-place\\target\\classes\\mapper\\place\\PlaceApplyMapper.xml]\r\n### The error may involve com.yizhanshi.place.mapper.PlaceApplyMapper.insertPlaceApply\r\n### The error occurred while executing an update\r\n### Cause: java.lang.IllegalArgumentException: invalid comparison: java.util.Date and java.lang.String','2024-02-29 11:46:33',17318),(76,'场地申请管理',1,'com.yizhanshi.place.controller.PlaceApplyController.addPlaceApply()','POST',1,NULL,NULL,'/placeApply','127.0.0.1','','{\"applyContent\":\"测试\",\"applyDay\":\"2024-02-29 00:00:00\",\"applyEndTime\":\"09:30\",\"applyName\":\"何嘉乐\",\"applyNumber\":15,\"applyStartTime\":\"09:00\",\"createBy\":\"\",\"instructorName\":\"革又几元世\",\"instructorOrgnization\":\"laboris commodo labore laborum ea\",\"instructorPhone\":\"18646369284\",\"instructorStudentid\":\"44\",\"params\":{},\"placeId\":1,\"reasonId\":1,\"timeEndId\":2,\"timeStartId\":1,\"userStudentid\":\"2020014759\"}',NULL,1,'nested exception is org.apache.ibatis.exceptions.PersistenceException: \r\n### Error updating database.  Cause: java.lang.IllegalArgumentException: invalid comparison: java.util.Date and java.lang.String\r\n### The error may exist in file [D:\\hejialebishe\\YiZhanShi\\yizhanshi-modules\\yizhanshi-place\\target\\classes\\mapper\\place\\PlaceApplyMapper.xml]\r\n### The error may involve com.yizhanshi.place.mapper.PlaceApplyMapper.insertPlaceApply\r\n### The error occurred while executing an update\r\n### Cause: java.lang.IllegalArgumentException: invalid comparison: java.util.Date and java.lang.String','2024-02-29 11:50:15',4539),(77,'场地申请管理',1,'com.yizhanshi.place.controller.PlaceApplyController.addPlaceApply()','POST',1,NULL,NULL,'/placeApply','127.0.0.1','','{\"applyContent\":\"测试\",\"applyDay\":\"2024-02-29 00:00:00\",\"applyEndTime\":\"09:30\",\"applyName\":\"何嘉乐\",\"applyNumber\":15,\"applyStartTime\":\"09:00\",\"createBy\":\"\",\"instructorName\":\"革又几元世\",\"instructorOrgnization\":\"laboris commodo labore laborum ea\",\"instructorPhone\":\"18646369284\",\"instructorStudentid\":\"44\",\"params\":{},\"placeId\":1,\"reasonId\":1,\"timeEndId\":2,\"timeStartId\":1,\"userStudentid\":\"2020014759\"}',NULL,1,'nested exception is org.apache.ibatis.builder.BuilderException: Error evaluating expression \'params.chooseDay != null and params.chooseDay  != \'\'\'\'. Cause: org.apache.ibatis.ognl.ExpressionSyntaxException: Malformed OGNL expression: params.chooseDay != null and params.chooseDay  != \'\'\' [org.apache.ibatis.ognl.TokenMgrError: Lexical error at line 1, column 54.  Encountered: <EOF> after : \"\"]','2024-02-29 11:54:31',3618),(78,'场地申请管理',1,'com.yizhanshi.place.controller.PlaceApplyController.addPlaceApply()','POST',1,NULL,NULL,'/placeApply','127.0.0.1','','{\"applyContent\":\"测试\",\"applyDay\":\"2024-02-29 00:00:00\",\"applyEndTime\":\"09:30\",\"applyName\":\"何嘉乐\",\"applyNumber\":15,\"applyStartTime\":\"09:00\",\"createBy\":\"\",\"instructorName\":\"革又几元世\",\"instructorOrgnization\":\"laboris commodo labore laborum ea\",\"instructorPhone\":\"18646369284\",\"instructorStudentid\":\"44\",\"params\":{},\"placeId\":1,\"reasonId\":1,\"timeEndId\":2,\"timeStartId\":1,\"userStudentid\":\"2020014759\"}',NULL,1,'\r\n### Error updating database.  Cause: java.sql.SQLSyntaxErrorException: Unknown column \'instructor_orgnization\' in \'field list\'\r\n### The error may exist in file [D:\\hejialebishe\\YiZhanShi\\yizhanshi-modules\\yizhanshi-place\\target\\classes\\mapper\\place\\PlaceApplyMapper.xml]\r\n### The error may involve com.yizhanshi.place.mapper.PlaceApplyMapper.insertPlaceApply-Inline\r\n### The error occurred while setting parameters\r\n### SQL: insert into business_place_apply(                            apply_name,               user_studentid,               place_id,               instructor_name,               instructor_studentid,               instructor_orgnization,               instructor_phone,              apply_day,              time_end_id,               time_end_id,               apply_start_time,               apply_end_time,               apply_number,               reason_id,               apply_content,                                                                                                                              create_time         )values(                    ?,           ?,           ?,           ?,           ?,           ?,           ?,          (?, jdbcType=DATE),          ?,           ?,           ?,           ?,           ?,           ?,           ?,                                                                                          sysdate()         )\r\n### Cause: java.sql.SQLSyntaxErrorException: Unknown column \'instructor_orgnization\' in \'field list\'\n; bad SQL grammar []; nested exception is java.sql.SQLSyntaxErrorException: Unknown column \'instructor_orgnization\' in \'field list\'','2024-02-29 12:00:50',259),(79,'场地申请管理',1,'com.yizhanshi.place.controller.PlaceApplyController.addPlaceApply()','POST',1,NULL,NULL,'/placeApply','127.0.0.1','','{\"applyContent\":\"测试\",\"applyDay\":\"2024-02-29 00:00:00\",\"applyEndTime\":\"09:30\",\"applyName\":\"何嘉乐\",\"applyNumber\":15,\"applyStartTime\":\"09:00\",\"createBy\":\"\",\"instructorName\":\"革又几元世\",\"instructorOrganization\":\"laboris commodo labore laborum ea\",\"instructorPhone\":\"18646369284\",\"instructorStudentid\":\"44\",\"params\":{},\"placeId\":1,\"reasonId\":1,\"timeEndId\":2,\"timeStartId\":1,\"userStudentid\":\"2020014759\"}',NULL,1,'\r\n### Error updating database.  Cause: java.sql.SQLSyntaxErrorException: Column \'time_end_id\' specified twice\r\n### The error may exist in file [D:\\hejialebishe\\YiZhanShi\\yizhanshi-modules\\yizhanshi-place\\target\\classes\\mapper\\place\\PlaceApplyMapper.xml]\r\n### The error may involve com.yizhanshi.place.mapper.PlaceApplyMapper.insertPlaceApply-Inline\r\n### The error occurred while setting parameters\r\n### SQL: insert into business_place_apply(                            apply_name,               user_studentid,               place_id,               instructor_name,               instructor_studentid,               instructor_organization,               instructor_phone,              apply_day,              time_end_id,               time_end_id,               apply_start_time,               apply_end_time,               apply_number,               reason_id,               apply_content,                                                                                                                              create_time         )values(                    ?,           ?,           ?,           ?,           ?,           ?,           ?,          (?, jdbcType=DATE),          ?,           ?,           ?,           ?,           ?,           ?,           ?,                                                                                          sysdate()         )\r\n### Cause: java.sql.SQLSyntaxErrorException: Column \'time_end_id\' specified twice\n; bad SQL grammar []; nested exception is java.sql.SQLSyntaxErrorException: Column \'time_end_id\' specified twice','2024-02-29 12:02:41',811),(80,'场地申请管理',1,'com.yizhanshi.place.controller.PlaceApplyController.addPlaceApply()','POST',1,NULL,NULL,'/placeApply','127.0.0.1','','{\"applyContent\":\"测试\",\"applyDay\":\"2024-02-29 00:00:00\",\"applyEndTime\":\"09:30\",\"applyName\":\"何嘉乐\",\"applyNumber\":15,\"applyStartTime\":\"09:00\",\"createBy\":\"\",\"instructorName\":\"革又几元世\",\"instructorOrganization\":\"laboris commodo labore laborum ea\",\"instructorPhone\":\"18646369284\",\"instructorStudentid\":\"44\",\"params\":{},\"placeId\":1,\"reasonId\":1,\"timeEndId\":2,\"timeStartId\":1,\"userStudentid\":\"2020014759\"}',NULL,1,'\r\n### Error updating database.  Cause: java.sql.SQLSyntaxErrorException: Unknown column \'jdbcType\' in \'field list\'\r\n### The error may exist in file [D:\\hejialebishe\\YiZhanShi\\yizhanshi-modules\\yizhanshi-place\\target\\classes\\mapper\\place\\PlaceApplyMapper.xml]\r\n### The error may involve com.yizhanshi.place.mapper.PlaceApplyMapper.insertPlaceApply-Inline\r\n### The error occurred while setting parameters\r\n### SQL: insert into business_place_apply(                            apply_name,               user_studentid,               place_id,               instructor_name,               instructor_studentid,               instructor_organization,               instructor_phone,              apply_day,              time_start_id,               time_end_id,               apply_start_time,               apply_end_time,               apply_number,               reason_id,               apply_content,                                                                                                                              create_time         )values(                    ?,           ?,           ?,           ?,           ?,           ?,           ?,          (?, jdbcType=DATE),          ?,           ?,           ?,           ?,           ?,           ?,           ?,                                                                                          sysdate()         )\r\n### Cause: java.sql.SQLSyntaxErrorException: Unknown column \'jdbcType\' in \'field list\'\n; bad SQL grammar []; nested exception is java.sql.SQLSyntaxErrorException: Unknown column \'jdbcType\' in \'field list\'','2024-02-29 12:04:44',335),(81,'场地申请管理',1,'com.yizhanshi.place.controller.PlaceApplyController.addPlaceApply()','POST',1,NULL,NULL,'/placeApply','127.0.0.1','','{\"applyContent\":\"测试\",\"applyDay\":\"2024-02-29 00:00:00\",\"applyEndTime\":\"09:30\",\"applyId\":2,\"applyName\":\"何嘉乐\",\"applyNumber\":15,\"applyStartTime\":\"09:00\",\"createBy\":\"\",\"instructorName\":\"革又几元世\",\"instructorOrganization\":\"laboris commodo labore laborum ea\",\"instructorPhone\":\"18646369284\",\"instructorStudentid\":\"44\",\"params\":{},\"placeId\":1,\"reasonId\":1,\"timeEndId\":2,\"timeStartId\":1,\"userStudentid\":\"2020014759\"}','{\"msg\":\"操作成功\",\"code\":200}',0,NULL,'2024-02-29 12:06:18',209),(82,'场地申请管理',1,'com.yizhanshi.place.controller.PlaceApplyController.addPlaceApply()','POST',1,NULL,NULL,'/placeApply','127.0.0.1','','{\"applyContent\":\"测试\",\"applyDay\":\"2024-02-29 00:00:00\",\"applyEndTime\":\"09:30\",\"applyId\":3,\"applyName\":\"何嘉乐\",\"applyNumber\":15,\"applyStartTime\":\"09:00\",\"createBy\":\"\",\"instructorName\":\"革又几元世\",\"instructorOrganization\":\"laboris commodo labore laborum ea\",\"instructorPhone\":\"18646369284\",\"instructorStudentid\":\"44\",\"params\":{},\"placeId\":1,\"reasonId\":1,\"timeEndId\":2,\"timeStartId\":1,\"userStudentid\":\"2020014759\"}','{\"msg\":\"操作成功\",\"code\":200}',0,NULL,'2024-02-29 12:10:00',187),(83,'场地申请管理',1,'com.yizhanshi.place.controller.PlaceApplyController.addPlaceApply()','POST',1,NULL,NULL,'/placeApply','127.0.0.1','','{\"applyContent\":\"测试\",\"applyDay\":\"2024-02-29 00:00:00\",\"applyEndTime\":\"09:30\",\"applyName\":\"何嘉乐\",\"applyNumber\":15,\"applyStartTime\":\"09:00\",\"instructorName\":\"革又几元世\",\"instructorOrganization\":\"laboris commodo labore laborum ea\",\"instructorPhone\":\"18646369284\",\"instructorStudentid\":\"44\",\"params\":{},\"placeId\":1,\"reasonId\":1,\"timeEndId\":2,\"timeStartId\":1,\"userStudentid\":\"2020014759\"}','{\"msg\":\"时间冲突!请查看当天场地预约信息后修改时间\",\"code\":500}',0,NULL,'2024-02-29 12:10:26',6267),(84,'场地申请管理',1,'com.yizhanshi.place.controller.PlaceApplyController.addPlaceApply()','POST',1,NULL,NULL,'/placeApply','127.0.0.1','','{\"applyContent\":\"测试\",\"applyDay\":\"2024-02-29 00:00:00\",\"applyEndTime\":\"09:30\",\"applyId\":4,\"applyName\":\"何嘉乐\",\"applyNumber\":15,\"applyStartTime\":\"09:00\",\"createBy\":\"\",\"instructorName\":\"革又几元世\",\"instructorOrganization\":\"laboris commodo labore laborum ea\",\"instructorPhone\":\"18646369284\",\"instructorStudentid\":\"44\",\"params\":{},\"placeId\":1,\"reasonId\":1,\"timeEndId\":3,\"timeStartId\":2,\"userStudentid\":\"2020014759\"}','{\"msg\":\"操作成功\",\"code\":200}',0,NULL,'2024-02-29 12:10:49',10069),(85,'场地申请管理',1,'com.yizhanshi.place.controller.PlaceApplyController.addPlaceApply()','POST',1,NULL,NULL,'/placeApply','127.0.0.1','','{\"applyContent\":\"测试\",\"applyDay\":\"2024-02-29\",\"applyEndTime\":\"09:30\",\"applyName\":\"何嘉乐\",\"applyNumber\":15,\"applyStartTime\":\"09:00\",\"instructorName\":\"革又几元世\",\"instructorOrganization\":\"laboris commodo labore laborum ea\",\"instructorPhone\":\"18646369284\",\"instructorStudentid\":\"44\",\"params\":{},\"placeId\":1,\"reasonId\":1,\"timeEndId\":3,\"timeStartId\":2,\"userStudentid\":\"2020014759\"}',NULL,1,'','2024-02-29 12:27:06',48676),(86,'场地申请管理',1,'com.yizhanshi.place.controller.PlaceApplyController.addPlaceApply()','POST',1,NULL,NULL,'/placeApply','127.0.0.1','','{\"applyContent\":\"测试\",\"applyDay\":\"2024-02-29\",\"applyEndTime\":\"09:30\",\"applyName\":\"何嘉乐\",\"applyNumber\":15,\"applyStartTime\":\"09:00\",\"instructorName\":\"革又几元世\",\"instructorOrganization\":\"laboris commodo labore laborum ea\",\"instructorPhone\":\"18646369284\",\"instructorStudentid\":\"44\",\"params\":{},\"placeId\":1,\"reasonId\":1,\"timeEndId\":3,\"timeStartId\":2,\"userStudentid\":\"2020014759\"}','{\"msg\":\"时间冲突!请查看当天场地预约信息后修改时间\",\"code\":500}',0,NULL,'2024-02-29 12:27:38',183),(87,'场地申请管理',2,'com.yizhanshi.place.controller.PlaceApplyController.check1()','PUT',1,NULL,NULL,'/placeApply/check1','127.0.0.1','','{\"applyId\":4,\"applyNumber\":0,\"params\":{},\"reasonId\":1,\"status\":\"1\"}',NULL,1,'business:placeApply1:check','2024-02-29 12:30:54',2),(88,'场地申请管理',2,'com.yizhanshi.place.controller.PlaceApplyController.check1()','PUT',1,NULL,NULL,'/placeApply/check1','127.0.0.1','','{\"applyId\":4,\"applyNumber\":0,\"params\":{},\"reasonId\":1,\"recallStatus\":\"1\",\"status\":\"1\",\"updateBy\":\"\"}',NULL,1,'nested exception is org.apache.ibatis.reflection.ReflectionException: There is no getter for property named \'instructorOrgnization\' in \'class com.yizhanshi.place.domain.PlaceApply\'','2024-02-29 12:31:18',9),(89,'场地申请管理',2,'com.yizhanshi.place.controller.PlaceApplyController.check1()','PUT',1,NULL,NULL,'/placeApply/check1','127.0.0.1','','{\"applyId\":4,\"applyNumber\":0,\"params\":{},\"reasonId\":1,\"recallStatus\":\"1\",\"status\":\"1\",\"updateBy\":\"\"}','{\"msg\":\"操作成功\",\"code\":200}',0,NULL,'2024-02-29 12:32:20',184),(90,'场地申请管理',2,'com.yizhanshi.place.controller.PlaceApplyController.check1()','PUT',1,NULL,NULL,'/placeApply/check1','127.0.0.1','','{\"applyId\":4,\"applyNumber\":0,\"params\":{},\"reasonId\":1,\"recallStatus\":\"1\",\"status\":\"1\",\"updateBy\":\"\"}','{\"msg\":\"操作成功\",\"code\":200}',0,NULL,'2024-02-29 12:34:36',25),(91,'场地申请管理',2,'com.yizhanshi.place.controller.PlaceApplyController.check1()','PUT',1,NULL,NULL,'/placeApply/check1','127.0.0.1','','{\"applyId\":4,\"applyNumber\":0,\"params\":{},\"reasonId\":1,\"recallStatus\":\"1\",\"status\":\"2\",\"updateBy\":\"\"}','{\"msg\":\"操作成功\",\"code\":200}',0,NULL,'2024-02-29 12:37:31',9831),(92,'场地申请管理',2,'com.yizhanshi.place.controller.PlaceApplyController.check2()','PUT',1,NULL,NULL,'/placeApply/check2','127.0.0.1','','{\"applyId\":2,\"applyNumber\":0,\"params\":{},\"reasonId\":1,\"recallStatus\":\"1\",\"status\":\"5\",\"updateBy\":\"\"}','{\"msg\":\"操作成功\",\"code\":200}',0,NULL,'2024-02-29 12:38:08',13),(93,'信誉管理',1,'com.yizhanshi.system.controller.SysCreditController.addUserCredit()','POST',1,NULL,NULL,'/credit','127.0.0.1','','{\"adminName\":\"\",\"creditContent\":\"测试\",\"creditNumber\":-2,\"creditSource\":\"管理员操作\",\"params\":{},\"userStudentid\":\"2020014100\"}',NULL,1,'','2024-02-29 13:33:52',34),(94,'信誉管理',1,'com.yizhanshi.system.controller.SysCreditController.addUserCredit()','POST',1,NULL,NULL,'/credit','127.0.0.1','','{\"adminName\":\"\",\"creditContent\":\"测试\",\"creditNumber\":-2,\"creditSource\":\"管理员操作\",\"params\":{},\"userStudentid\":\"2020014100\"}',NULL,1,'','2024-02-29 13:36:03',12),(95,'信誉管理',1,'com.yizhanshi.system.controller.SysCreditController.addUserCredit()','POST',1,NULL,NULL,'/credit','127.0.0.1','','{\"adminName\":\"\",\"creditContent\":\"测试\",\"creditNumber\":-2,\"creditSource\":\"管理员操作\",\"params\":{},\"userStudentid\":\"2020014100\"}',NULL,1,'','2024-02-29 13:42:58',33),(96,'信誉管理',1,'com.yizhanshi.system.controller.SysCreditController.addUserCredit()','POST',1,'何嘉乐',NULL,'/credit','127.0.0.1','','{\"adminName\":\"何嘉乐\",\"creditContent\":\"测试\",\"creditNumber\":-2,\"creditSource\":\"管理员操作\",\"params\":{},\"userStudentid\":\"2020014100\"}',NULL,1,'','2024-02-29 13:48:22',5),(97,'信誉管理',1,'com.yizhanshi.system.controller.SysCreditController.addUserCredit()','POST',1,'何嘉乐',NULL,'/credit','127.0.0.1','','{\"adminName\":\"何嘉乐\",\"creditContent\":\"测试\",\"creditNumber\":-2,\"creditSource\":\"管理员操作\",\"params\":{},\"userStudentid\":\"2020014100\"}',NULL,1,'','2024-02-29 13:51:15',50),(98,'信誉管理',1,'com.yizhanshi.system.controller.SysCreditController.addUserCredit()','POST',1,'何嘉乐',NULL,'/credit','127.0.0.1','','{\"adminName\":\"何嘉乐\",\"creditContent\":\"测试\",\"creditNumber\":-2,\"creditSource\":\"管理员操作\",\"params\":{},\"userStudentid\":\"2020014100\"}',NULL,1,'','2024-02-29 13:53:21',40),(99,'信誉管理',1,'com.yizhanshi.system.controller.SysCreditController.addUserCredit()','POST',1,'何嘉乐',NULL,'/credit','127.0.0.1','','{\"adminName\":\"何嘉乐\",\"creditContent\":\"测试\",\"creditNumber\":-2,\"creditSource\":\"管理员操作\",\"params\":{},\"userStudentid\":\"2020014100\"}',NULL,1,'','2024-02-29 13:56:54',4138),(100,'信誉管理',1,'com.yizhanshi.system.controller.SysCreditController.addUserCredit()','POST',1,'何嘉乐',NULL,'/credit','127.0.0.1','','{\"adminName\":\"何嘉乐\",\"createBy\":\"何嘉乐\",\"creditContent\":\"测试\",\"creditNumber\":-2,\"creditSource\":\"管理员操作\",\"params\":{},\"userStudentid\":\"2020014100\"}',NULL,1,'nested exception is org.apache.ibatis.executor.ExecutorException: Error getting generated key or setting result to parameter object. Cause: org.apache.ibatis.executor.ExecutorException: No setter found for the keyProperty \'userId\' in \'com.yizhanshi.system.api.domain.SysCredit\'.','2024-02-29 14:07:06',75),(101,'信誉管理',1,'com.yizhanshi.system.controller.SysCreditController.addUserCredit()','POST',1,'何嘉乐',NULL,'/credit','127.0.0.1','','{\"adminName\":\"何嘉乐\",\"createBy\":\"何嘉乐\",\"creditContent\":\"测试\",\"creditId\":3,\"creditNumber\":-2,\"creditSource\":\"管理员操作\",\"params\":{},\"userStudentid\":\"2020014100\"}',NULL,1,'nested exception is org.apache.ibatis.binding.BindingException: Parameter \'numebr\' not found. Available parameters are [arg1, arg0, param1, param2]','2024-02-29 14:10:21',99),(102,'信誉管理',1,'com.yizhanshi.system.controller.SysCreditController.addUserCredit()','POST',1,'何嘉乐',NULL,'/credit','127.0.0.1','','{\"adminName\":\"何嘉乐\",\"createBy\":\"何嘉乐\",\"creditContent\":\"测试\",\"creditId\":4,\"creditNumber\":-2,\"creditSource\":\"管理员操作\",\"params\":{},\"userStudentid\":\"2020014100\"}',NULL,1,'nested exception is org.apache.ibatis.binding.BindingException: Parameter \'numebr\' not found. Available parameters are [number, userStudentid, param1, param2]','2024-02-29 14:12:53',66),(103,'信誉管理',1,'com.yizhanshi.system.controller.SysCreditController.addUserCredit()','POST',1,'何嘉乐',NULL,'/credit','127.0.0.1','','{\"adminName\":\"何嘉乐\",\"createBy\":\"何嘉乐\",\"creditContent\":\"测试\",\"creditId\":5,\"creditNumber\":-2,\"creditSource\":\"管理员操作\",\"params\":{},\"userStudentid\":\"2020014100\"}','{\"code\":200,\"data\":true}',0,NULL,'2024-02-29 14:14:03',65),(104,'信誉管理',1,'com.yizhanshi.system.controller.SysCreditController.addUserCredit()','POST',1,'何嘉乐',NULL,'/credit','127.0.0.1','','{\"adminName\":\"何嘉乐\",\"creditContent\":\"测试\",\"creditNumber\":-100,\"creditSource\":\"管理员操作\",\"params\":{},\"userStudentid\":\"2020014100\"}','{\"code\":500,\"msg\":\"该用户信誉已经超过或低于限定范围，请重新修改信誉分\"}',0,NULL,'2024-02-29 14:14:38',6),(105,'信誉管理',1,'com.yizhanshi.system.controller.SysCreditController.addUserCredit()','POST',1,'何嘉乐',NULL,'/credit','127.0.0.1','','{\"adminName\":\"何嘉乐\",\"creditContent\":\"测试\",\"creditNumber\":-100,\"creditSource\":\"管理员操作\",\"params\":{},\"userStudentid\":\"2020014100\"}','{\"code\":500,\"msg\":\"该用户信誉已经超过或低于限定范围，请重新修改信誉分\"}',0,NULL,'2024-02-29 14:20:04',45),(106,'信誉管理',1,'com.yizhanshi.system.controller.SysCreditController.addUserCredit()','POST',1,'何嘉乐',NULL,'/credit','127.0.0.1','','{\"adminName\":\"何嘉乐\",\"creditContent\":\"测试\",\"creditNumber\":-100,\"creditSource\":\"管理员操作\",\"params\":{},\"userStudentid\":\"2020014100\"}','{\"code\":500,\"msg\":\"该用户信誉已经超过或低于限定范围，请重新修改信誉分\"}',0,NULL,'2024-02-29 14:21:16',12),(107,'信誉管理',1,'com.yizhanshi.system.controller.SysCreditController.addUserCredit()','POST',1,'何嘉乐',NULL,'/credit','127.0.0.1','','{\"adminName\":\"何嘉乐\",\"creditContent\":\"测试\",\"creditNumber\":-100,\"creditSource\":\"管理员操作\",\"params\":{},\"userStudentid\":\"2020014100\"}','{\"code\":500,\"msg\":\"该用户信誉已经超过或低于限定范围，请重新修改信誉分\"}',0,NULL,'2024-02-29 14:22:43',5),(108,'信誉管理',1,'com.yizhanshi.system.controller.SysCreditController.addUserCredit()','POST',1,'何嘉乐',NULL,'/credit','127.0.0.1','','{\"adminName\":\"何嘉乐\",\"creditContent\":\"测试\",\"creditNumber\":50,\"creditSource\":\"管理员操作\",\"params\":{},\"userStudentid\":\"2020014100\"}','{\"code\":500,\"msg\":\"该用户信誉已经超过或低于限定范围，请重新修改信誉分\"}',0,NULL,'2024-02-29 14:22:52',3),(109,'信誉管理',1,'com.yizhanshi.system.controller.SysCreditController.addUserCredit()','POST',1,'何嘉乐',NULL,'/credit','127.0.0.1','','{\"adminName\":\"何嘉乐\",\"createBy\":\"何嘉乐\",\"creditContent\":\"测试\",\"creditId\":6,\"creditNumber\":-1,\"creditSource\":\"管理员操作\",\"params\":{},\"userStudentid\":\"2020014100\"}','{\"code\":200,\"data\":true}',0,NULL,'2024-02-29 14:22:58',26),(110,'信誉管理',1,'com.yizhanshi.system.controller.SysCreditController.addUserCredit()','POST',1,'何嘉乐',NULL,'/credit','127.0.0.1','','{\"creditContent\":\"用户强行撤销场地申请\",\"creditNumber\":-2,\"creditSource\":\"自己操作\",\"delFlag\":\"0\",\"params\":{},\"status\":\"0\",\"userStudentid\":\"\"}','{\"code\":500,\"msg\":\"该用户不存在\"}',0,NULL,'2024-02-29 14:41:30',3),(111,'信誉管理',1,'com.yizhanshi.system.controller.SysCreditController.addUserCredit()','POST',1,'何嘉乐',NULL,'/credit','127.0.0.1','','{\"creditContent\":\"用户强行撤销场地申请\",\"creditNumber\":-2,\"creditSource\":\"自己操作\",\"delFlag\":\"0\",\"params\":{},\"status\":\"0\",\"userStudentid\":\"\"}','{\"code\":500,\"msg\":\"该用户不存在\"}',0,NULL,'2024-02-29 14:44:35',4),(112,'信誉管理',1,'com.yizhanshi.system.controller.SysCreditController.addUserCredit()','POST',1,'何嘉乐2号',NULL,'/credit','127.0.0.1','','{\"creditContent\":\"用户强行撤销场地申请\",\"creditNumber\":-2,\"creditSource\":\"自己操作\",\"delFlag\":\"0\",\"params\":{},\"status\":\"0\",\"userStudentid\":\"\"}','{\"code\":500,\"msg\":\"学号为空，请联系管理员\"}',0,NULL,'2024-02-29 14:51:09',37),(113,'信誉管理',1,'com.yizhanshi.system.controller.SysCreditController.addUserCredit()','POST',1,'何嘉乐2号',NULL,'/credit','127.0.0.1','','{\"createBy\":\"何嘉乐2号\",\"creditContent\":\"用户强行撤销场地申请\",\"creditId\":7,\"creditNumber\":-2,\"creditSource\":\"自己操作\",\"delFlag\":\"0\",\"params\":{},\"status\":\"0\",\"userStudentid\":\"2020014100\"}','{\"code\":200,\"data\":true}',0,NULL,'2024-02-29 15:41:22',61),(114,'信誉管理',1,'com.yizhanshi.system.controller.SysCreditController.addUserCredit()','POST',1,'何嘉乐2号',NULL,'/credit','127.0.0.1','','{\"createBy\":\"何嘉乐2号\",\"creditContent\":\"用户强行撤销场地申请\",\"creditId\":8,\"creditNumber\":-2,\"creditSource\":\"自己操作\",\"delFlag\":\"0\",\"params\":{},\"status\":\"0\",\"userStudentid\":\"2020014100\"}','{\"code\":200,\"data\":true}',0,NULL,'2024-02-29 15:43:25',21),(115,'信誉管理',1,'com.yizhanshi.system.controller.SysCreditController.addUserCredit()','POST',1,'何嘉乐2号',NULL,'/credit','127.0.0.1','','{\"createBy\":\"何嘉乐2号\",\"creditContent\":\"用户强行撤销场地申请\",\"creditId\":9,\"creditNumber\":-2,\"creditSource\":\"自己操作\",\"delFlag\":\"0\",\"params\":{},\"status\":\"0\",\"userStudentid\":\"2020014100\"}','{\"code\":200,\"data\":true}',0,NULL,'2024-02-29 15:44:19',19),(116,'信誉管理',1,'com.yizhanshi.system.controller.SysCreditController.addUserCredit()','POST',1,'何嘉乐2号',NULL,'/credit','127.0.0.1','','{\"creditContent\":\"用户强行撤销场地申请\",\"creditNumber\":-100,\"creditSource\":\"自己操作\",\"delFlag\":\"0\",\"params\":{},\"status\":\"0\",\"userStudentid\":\"2020014100\"}','{\"code\":500,\"msg\":\"该用户信誉已经超过或低于限定范围，请重新修改信誉分\"}',0,NULL,'2024-02-29 15:46:25',3),(117,'信誉管理',1,'com.yizhanshi.system.controller.SysCreditController.addUserCredit()','POST',1,'何嘉乐2号',NULL,'/credit','127.0.0.1','','{\"createBy\":\"何嘉乐2号\",\"creditContent\":\"用户强行撤销场地申请\",\"creditId\":10,\"creditNumber\":-5,\"creditSource\":\"自己操作\",\"delFlag\":\"0\",\"params\":{},\"status\":\"0\",\"userStudentid\":\"2020014100\"}','{\"code\":200,\"data\":true}',0,NULL,'2024-02-29 15:50:04',19),(118,'课程管理',5,'com.yizhanshi.course.controller.CourseController.export()','POST',1,'何嘉乐',NULL,'/courseInfo/export','127.0.0.1','','{\"courseNumber\":0,\"params\":{}}',NULL,0,NULL,'2024-03-05 16:09:01',1184),(119,'课程管理',5,'com.yizhanshi.course.controller.CourseController.export()','POST',1,'何嘉乐',NULL,'/courseInfo/export','127.0.0.1','','{\"courseNumber\":0,\"params\":{}}',NULL,0,NULL,'2024-03-05 16:29:04',1117),(120,'课程管理',5,'com.yizhanshi.course.controller.CourseController.export()','POST',1,'何嘉乐',NULL,'/courseInfo/export','127.0.0.1','','{\"courseNumber\":0,\"params\":{}}',NULL,0,NULL,'2024-03-05 16:55:01',1112),(121,'课程管理',5,'com.yizhanshi.course.controller.CourseController.export()','POST',1,'何嘉乐',NULL,'/courseInfo/export','127.0.0.1','','{\"courseNumber\":0,\"params\":{}}',NULL,0,NULL,'2024-03-05 16:58:13',1029),(122,'课程管理',5,'com.yizhanshi.course.controller.CourseController.export()','POST',1,'何嘉乐',NULL,'/courseInfo/export','127.0.0.1','','{\"courseNumber\":0,\"params\":{}}',NULL,0,NULL,'2024-03-05 17:05:45',937),(123,'课程管理',5,'com.yizhanshi.course.controller.CourseController.export()','POST',1,'何嘉乐',NULL,'/courseInfo/export','127.0.0.1','','{\"courseNumber\":0,\"params\":{}}',NULL,0,NULL,'2024-03-05 17:06:12',49),(124,'课程管理',5,'com.yizhanshi.course.controller.CourseController.export()','POST',1,'何嘉乐',NULL,'/courseInfo/export','127.0.0.1','','{\"courseNumber\":0,\"params\":{}}',NULL,0,NULL,'2024-03-05 17:09:25',991),(125,'课程管理',5,'com.yizhanshi.course.controller.CourseController.export()','POST',1,'何嘉乐',NULL,'/courseInfo/export','127.0.0.1','','{\"courseNumber\":0,\"params\":{},\"teachers\":{\"params\":{},\"teacherAge\":0,\"teacherName\":\"何\"}}',NULL,1,'\r\n### Error querying database.  Cause: java.sql.SQLSyntaxErrorException: Unknown column \'c.teacher_name\' in \'where clause\'\r\n### The error may exist in file [D:\\hejialebishe\\YiZhanShi\\yizhanshi-modules\\yizhanshi-course\\target\\classes\\mapper\\course\\CourseMapper.xml]\r\n### The error may involve com.yizhanshi.course.mapper.CourseMapper.selectCourseList-Inline\r\n### The error occurred while setting parameters\r\n### SQL: select c.course_id, c.course_name, c.course_description, c.teacher_id, c.course_day,         c.time_start_id, c.time_end_id, c.course_start_time, c.course_end_time, c.place_id,         c.course_number, c.choose_status, c.course_type,         c.status, c.del_flag,c.create_by, c.create_time, c.remark,         p.place_id,p.place_name,p.place_campus,p.place_capacity,p.status,         t.teacher_id,t.teacher_name,t.teacher_userStudentid,t.status         from business_course c         left join business_place p on c.place_id=p.place_id         left join business_teacher t on c.teacher_id=t.teacher_id               where c.del_flag = \'0\'                                                     AND c.teacher_name like concat(\'%\', ?, \'%\')\r\n### Cause: java.sql.SQLSyntaxErrorException: Unknown column \'c.teacher_name\' in \'where clause\'\n; bad SQL grammar []; nested exception is java.sql.SQLSyntaxErrorException: Unknown column \'c.teacher_name\' in \'where clause\'','2024-03-05 17:16:49',242),(126,'课程管理',5,'com.yizhanshi.course.controller.CourseController.export()','POST',1,'何嘉乐',NULL,'/courseInfo/export','127.0.0.1','','{\"courseNumber\":0,\"params\":{},\"teachers\":{\"params\":{},\"teacherAge\":0,\"teacherName\":\"何\"}}',NULL,0,NULL,'2024-03-05 17:25:28',947),(127,'课程管理',5,'com.yizhanshi.course.controller.CourseController.export()','POST',1,'何嘉乐',NULL,'/courseInfo/export','127.0.0.1','','{\"courseNumber\":0,\"params\":{},\"teachers\":{\"params\":{},\"teacherAge\":0,\"teacherName\":\"何\"}}',NULL,0,NULL,'2024-03-05 17:29:27',1024),(128,'课程管理',5,'com.yizhanshi.course.controller.CourseController.export()','POST',1,'何嘉乐',NULL,'/courseInfo/export','127.0.0.1','','{\"courseNumber\":0,\"params\":{},\"teachers\":{\"params\":{},\"teacherAge\":0,\"teacherName\":\"何\"}}',NULL,0,NULL,'2024-03-05 17:32:47',1011),(129,'课程管理',5,'com.yizhanshi.course.controller.CourseController.export()','POST',1,'何嘉乐',NULL,'/courseInfo/export','127.0.0.1','','{\"courseNumber\":0,\"params\":{},\"teachers\":{\"params\":{},\"teacherAge\":0,\"teacherName\":\"何\"}}',NULL,0,NULL,'2024-03-05 17:37:18',86082),(130,'课程管理',1,'com.yizhanshi.course.controller.CourseController.addCourse()','POST',1,'何嘉乐',NULL,'/courseInfo','127.0.0.1','','{\"chooseStatus\":\"0\",\"courseCheck\":\"1\",\"courseDay\":\"2024-03-06\",\"courseDescription\":\"很爱很爱你\",\"courseEndTime\":\"09:30\",\"courseName\":\"测试课程\",\"courseNumber\":20,\"courseStartTime\":\"09:00\",\"courseType\":\"测试\",\"params\":{},\"placeId\":1,\"teacherId\":1,\"timeEndId\":2,\"timeStartId\":1}','{\"msg\":\"Request method \'POST\' not supported\",\"code\":500}',0,NULL,'2024-03-05 17:54:01',977),(131,'课程管理',1,'com.yizhanshi.course.controller.CourseController.addCourse()','POST',1,'何嘉乐',NULL,'/courseInfo','127.0.0.1','','{\"chooseStatus\":\"0\",\"courseCheck\":\"1\",\"courseDay\":\"2024-03-06\",\"courseDescription\":\"很爱很爱你\",\"courseEndTime\":\"09:30\",\"courseName\":\"测试课程\",\"courseNumber\":20,\"courseStartTime\":\"09:00\",\"courseType\":\"测试\",\"params\":{},\"placeId\":1,\"teacherId\":1,\"timeEndId\":2,\"timeStartId\":1}','{\"msg\":\"Request method \'POST\' not supported\",\"code\":500}',0,NULL,'2024-03-05 17:55:34',17),(132,'课程管理',1,'com.yizhanshi.course.controller.CourseController.addCourse()','POST',1,'何嘉乐',NULL,'/courseInfo','127.0.0.1','','{\"chooseStatus\":\"0\",\"courseCheck\":\"1\",\"courseDay\":\"2024-03-06\",\"courseDescription\":\"很爱很爱你\",\"courseEndTime\":\"09:30\",\"courseName\":\"测试课程\",\"courseNumber\":20,\"courseStartTime\":\"09:00\",\"courseType\":\"测试\",\"params\":{},\"placeId\":1,\"teacherId\":1,\"timeEndId\":2,\"timeStartId\":1}','{\"msg\":\"Request method \'POST\' not supported\",\"code\":500}',0,NULL,'2024-03-05 17:57:25',15),(133,'课程管理',1,'com.yizhanshi.course.controller.CourseController.addCourse()','POST',1,'何嘉乐',NULL,'/courseInfo','127.0.0.1','','{\"chooseStatus\":\"0\",\"courseCheck\":\"1\",\"courseDay\":\"2024-03-06\",\"courseDescription\":\"很爱很爱你\",\"courseEndTime\":\"09:30\",\"courseName\":\"测试课程\",\"courseNumber\":20,\"courseStartTime\":\"09:00\",\"courseType\":\"测试\",\"params\":{},\"placeId\":1,\"teacherId\":1,\"timeEndId\":2,\"timeStartId\":1}','{\"msg\":\"Request method \'POST\' not supported\",\"code\":500}',0,NULL,'2024-03-05 17:57:46',23),(134,'课程管理',1,'com.yizhanshi.course.controller.CourseController.addCourse()','POST',1,'何嘉乐',NULL,'/courseInfo/','127.0.0.1','','{\"chooseStatus\":\"0\",\"courseCheck\":\"1\",\"courseDay\":\"2024-03-06\",\"courseDescription\":\"很爱很爱你\",\"courseEndTime\":\"09:30\",\"courseName\":\"测试课程\",\"courseNumber\":20,\"courseStartTime\":\"09:00\",\"courseType\":\"测试\",\"params\":{},\"placeId\":1,\"teacherId\":1,\"timeEndId\":2,\"timeStartId\":1}','{\"msg\":\"Request method \'POST\' not supported\",\"code\":500}',0,NULL,'2024-03-05 17:58:08',15),(135,'课程管理',1,'com.yizhanshi.course.controller.CourseController.addCourse()','POST',1,'何嘉乐',NULL,'/courseInfo','127.0.0.1','','{\"chooseStatus\":\"0\",\"courseCheck\":\"1\",\"courseDay\":\"2024-03-06\",\"courseDescription\":\"很爱很爱你\",\"courseEndTime\":\"09:30\",\"courseName\":\"测试课程\",\"courseNumber\":20,\"courseStartTime\":\"09:00\",\"courseType\":\"测试\",\"params\":{},\"placeId\":1,\"teacherId\":1,\"timeEndId\":2,\"timeStartId\":1}','{\"msg\":\"Request method \'POST\' not supported\",\"code\":500}',0,NULL,'2024-03-05 17:59:21',15),(136,'课程管理',1,'com.yizhanshi.course.controller.CourseController.addCourse()','POST',1,'何嘉乐',NULL,'/courseInfo','127.0.0.1','','{\"chooseStatus\":\"0\",\"courseCheck\":\"1\",\"courseDay\":\"2024-03-06\",\"courseDescription\":\"很爱很爱你\",\"courseEndTime\":\"09:30\",\"courseName\":\"测试课程\",\"courseNumber\":20,\"courseStartTime\":\"09:00\",\"courseType\":\"测试\",\"params\":{},\"placeId\":1,\"teacherId\":1,\"timeEndId\":2,\"timeStartId\":1}','{\"msg\":\"Request method \'POST\' not supported\",\"code\":500}',0,NULL,'2024-03-05 17:59:23',27),(137,'课程管理',1,'com.yizhanshi.course.controller.CourseController.addCourse()','POST',1,'何嘉乐',NULL,'/courseInfo','127.0.0.1','','{\"chooseStatus\":\"0\",\"courseCheck\":\"1\",\"courseDay\":\"2024-03-06\",\"courseDescription\":\"很爱很爱你\",\"courseEndTime\":\"09:30\",\"courseName\":\"测试课程\",\"courseNumber\":20,\"courseStartTime\":\"09:00\",\"courseType\":\"测试\",\"params\":{},\"placeId\":1,\"teacherId\":1,\"timeEndId\":2,\"timeStartId\":1}','{\"msg\":\"Request method \'POST\' not supported\",\"code\":500}',0,NULL,'2024-03-05 17:59:34',39),(138,'课程管理',1,'com.yizhanshi.course.controller.CourseController.addCourse()','POST',1,'何嘉乐',NULL,'/courseInfo','127.0.0.1','','{\"chooseStatus\":\"0\",\"courseCheck\":\"1\",\"courseDay\":\"2024-03-06\",\"courseDescription\":\"很爱很爱你\",\"courseEndTime\":\"09:30\",\"courseName\":\"测试课程\",\"courseNumber\":20,\"courseStartTime\":\"09:00\",\"courseType\":\"测试\",\"params\":{},\"placeId\":1,\"teacherId\":1,\"timeEndId\":2,\"timeStartId\":1}','{\"msg\":\"Request method \'POST\' not supported\",\"code\":500}',0,NULL,'2024-03-05 17:59:38',17),(139,'课程管理',1,'com.yizhanshi.course.controller.CourseController.addCourse()','POST',1,'何嘉乐',NULL,'/courseInfo','127.0.0.1','','{\"chooseStatus\":\"0\",\"courseCheck\":\"1\",\"courseDay\":\"2024-03-06\",\"courseDescription\":\"很爱很爱你\",\"courseEndTime\":\"09:30\",\"courseName\":\"测试课程\",\"courseNumber\":20,\"courseStartTime\":\"09:00\",\"courseType\":\"测试\",\"params\":{},\"placeId\":1,\"teacherId\":1,\"timeEndId\":2,\"timeStartId\":1}','{\"msg\":\"Request method \'POST\' not supported\",\"code\":500}',0,NULL,'2024-03-05 18:01:06',266),(140,'课程管理',3,'com.yizhanshi.course.controller.CourseController.removeCourse()','DELETE',1,'何嘉乐',NULL,'/courseInfo/1','127.0.0.1','','{}',NULL,1,'\r\n### Error querying database.  Cause: java.sql.SQLSyntaxErrorException: Unknown column \'p.course_id\' in \'field list\'\r\n### The error may exist in file [D:\\hejialebishe\\YiZhanShi\\yizhanshi-modules\\yizhanshi-course\\target\\classes\\mapper\\course\\CourseApplyMapper.xml]\r\n### The error may involve com.yizhanshi.course.mapper.CourseApplyMapper.selectByCourseIds-Inline\r\n### The error occurred while setting parameters\r\n### SQL: select ca.apply_id, ca.apply_name, ca.user_studentid,ca.course_id,ca.apply_content,ca.apply_admin1,ca.apply_admin2,         ca.refuse_reason,ca.recall_status,ca.recall_reason, ca.status, ca.del_flag,ca.create_by, ca.create_time, ca.remark,         p.course_id,p.course_name,p.course_campus,p.course_description,p.course_capacity,p.status,         c.course_id,c.course_name,c.course_type,c.course_day,c.course_start_time,c.course_end_time,c.course_number,c.status,         t.teacher_id,t.teacher_name,t.teacher_userStudentid,t.status,         p.place_id,p.place_name,p.place_campus,p.place_capacity,p.status         from business_course_apply ca         left join business_course c on ca.course_id=c.course_id         left join business_teacher t on ca.teacher_id=t.teacher_id         left join business_place p on ca.place_id=t.place_id               where ca.course_id  in          (           ?          )\r\n### Cause: java.sql.SQLSyntaxErrorException: Unknown column \'p.course_id\' in \'field list\'\n; bad SQL grammar []; nested exception is java.sql.SQLSyntaxErrorException: Unknown column \'p.course_id\' in \'field list\'','2024-03-05 18:03:00',144),(141,'课程管理',3,'com.yizhanshi.course.controller.CourseController.removeCourse()','DELETE',1,'何嘉乐',NULL,'/courseInfo/1','127.0.0.1','','{}',NULL,1,'\r\n### Error querying database.  Cause: java.sql.SQLSyntaxErrorException: Unknown column \'ca.place_id\' in \'on clause\'\r\n### The error may exist in file [D:\\hejialebishe\\YiZhanShi\\yizhanshi-modules\\yizhanshi-course\\target\\classes\\mapper\\course\\CourseApplyMapper.xml]\r\n### The error may involve com.yizhanshi.course.mapper.CourseApplyMapper.selectByCourseIds-Inline\r\n### The error occurred while setting parameters\r\n### SQL: select ca.apply_id, ca.apply_name, ca.user_studentid,ca.course_id,ca.apply_content,ca.apply_admin1,ca.apply_admin2,         ca.refuse_reason,ca.recall_status,ca.recall_reason, ca.status, ca.del_flag,ca.create_by, ca.create_time, ca.remark,         c.course_id,c.course_name,c.course_type,c.course_day,c.course_start_time,c.course_end_time,c.course_number,c.status,         t.teacher_id,t.teacher_name,t.teacher_userStudentid,t.status,         p.place_id,p.place_name,p.place_campus,p.place_capacity,p.status         from business_course_apply ca         left join business_course c on ca.course_id=c.course_id         left join business_teacher t on ca.teacher_id=t.teacher_id         left join business_place p on ca.place_id=t.place_id               where ca.course_id  in          (           ?          )\r\n### Cause: java.sql.SQLSyntaxErrorException: Unknown column \'ca.place_id\' in \'on clause\'\n; bad SQL grammar []; nested exception is java.sql.SQLSyntaxErrorException: Unknown column \'ca.place_id\' in \'on clause\'','2024-03-05 18:04:49',201),(142,'课程管理',3,'com.yizhanshi.course.controller.CourseController.removeCourse()','DELETE',1,'何嘉乐',NULL,'/courseInfo/1','127.0.0.1','','{}','{\"msg\":\"存在课程申请记录不可删除\",\"code\":500}',0,NULL,'2024-03-05 18:05:49',141),(143,'课程管理',1,'com.yizhanshi.course.controller.CourseController.addCourse()','POST',1,'何嘉乐',NULL,'/courseInfo','127.0.0.1','','{\"chooseStatus\":\"0\",\"courseCheck\":\"1\",\"courseDay\":\"2024-03-06\",\"courseDescription\":\"很爱很爱你\",\"courseEndTime\":\"09:30\",\"courseName\":\"测试课程\",\"courseNumber\":20,\"courseStartTime\":\"09:00\",\"courseType\":\"测试\",\"params\":{},\"placeId\":1,\"teacherId\":1,\"timeEndId\":2,\"timeStartId\":1}','{\"msg\":\"Request method \'POST\' not supported\",\"code\":500}',0,NULL,'2024-03-05 18:06:09',78),(144,'课程管理',1,'com.yizhanshi.course.controller.CourseController.addCourse()','POST',1,'何嘉乐',NULL,'/courseInfo','127.0.0.1','','{\"chooseStatus\":\"0\",\"courseCheck\":\"1\",\"courseDay\":\"2024-03-06\",\"courseDescription\":\"很爱很爱你\",\"courseEndTime\":\"09:30\",\"courseName\":\"测试课程\",\"courseNumber\":20,\"courseStartTime\":\"09:00\",\"courseType\":\"测试\",\"params\":{},\"placeId\":1,\"teacherId\":1,\"timeEndId\":2,\"timeStartId\":1}','{\"msg\":\"Request method \'POST\' not supported\",\"code\":500}',0,NULL,'2024-03-05 18:06:12',36),(145,'课程管理',1,'com.yizhanshi.course.controller.CourseController.addCourse()','POST',1,'何嘉乐',NULL,'/courseInfo','127.0.0.1','','{\"chooseStatus\":\"0\",\"courseCheck\":\"1\",\"courseDay\":\"2024-03-06\",\"courseDescription\":\"很爱很爱你\",\"courseEndTime\":\"09:30\",\"courseName\":\"测试课程\",\"courseNumber\":20,\"courseStartTime\":\"09:00\",\"courseType\":\"测试\",\"params\":{},\"placeId\":1,\"teacherId\":1,\"timeEndId\":2,\"timeStartId\":1}','{\"msg\":\"Request method \'POST\' not supported\",\"code\":500}',0,NULL,'2024-03-05 18:06:13',19),(146,'课程管理',2,'com.yizhanshi.course.controller.CourseController.editCourse()','PUT',1,'何嘉乐',NULL,'/courseInfo','127.0.0.1','','{\"courseDay\":\"2024-03-06\",\"courseEndTime\":\"09:30\",\"courseId\":1,\"courseName\":\"测试课程\",\"courseNumber\":20,\"courseStartTime\":\"09:00\",\"courseType\":\"测试\",\"params\":{},\"placeId\":1}','{\"msg\":\"Request method \'POST\' not supported\",\"code\":500}',0,NULL,'2024-03-05 18:07:49',21),(147,'课程管理',2,'com.yizhanshi.course.controller.CourseController.editCourse()','PUT',1,'何嘉乐',NULL,'/courseInfo','127.0.0.1','','{\"courseDay\":\"2024-03-06\",\"courseEndTime\":\"09:30\",\"courseId\":1,\"courseName\":\"测试课程\",\"courseNumber\":20,\"courseStartTime\":\"09:00\",\"courseType\":\"测试\",\"params\":{},\"placeId\":1}','{\"msg\":\"Request method \'POST\' not supported\",\"code\":500}',0,NULL,'2024-03-05 18:07:53',28),(148,'课程管理',1,'com.yizhanshi.course.controller.CourseController.addCourse()','POST',1,'何嘉乐',NULL,'/courseInfo','127.0.0.1','','{\"chooseStatus\":\"0\",\"courseCheck\":\"1\",\"courseDay\":\"2024-03-06\",\"courseDescription\":\"很爱很爱你\",\"courseEndTime\":\"09:30\",\"courseName\":\"测试课程\",\"courseNumber\":20,\"courseStartTime\":\"09:00\",\"courseType\":\"测试\",\"params\":{},\"placeId\":1,\"teacherId\":1,\"timeEndId\":2,\"timeStartId\":1}','{\"msg\":\"Request method \'POST\' not supported\",\"code\":500}',0,NULL,'2024-03-05 18:08:25',27),(149,'课程管理',1,'com.yizhanshi.course.controller.CourseController.addCourse()','POST',1,'何嘉乐',NULL,'/courseInfo','127.0.0.1','','{\"chooseStatus\":\"0\",\"courseCheck\":\"1\",\"courseDay\":\"2024-03-06\",\"courseDescription\":\"很爱很爱你\",\"courseEndTime\":\"09:30\",\"courseName\":\"测试课程\",\"courseNumber\":20,\"courseStartTime\":\"09:00\",\"courseType\":\"测试\",\"params\":{},\"placeId\":1,\"teacherId\":1,\"timeEndId\":2,\"timeStartId\":1}','{\"msg\":\"Request method \'POST\' not supported\",\"code\":500}',0,NULL,'2024-03-05 18:08:34',20),(150,'课程管理',2,'com.yizhanshi.course.controller.CourseController.editCourse()','PUT',1,'何嘉乐',NULL,'/courseInfo','127.0.0.1','','{\"chooseStatus\":\"0\",\"courseCheck\":\"1\",\"courseDay\":\"2024-03-06\",\"courseDescription\":\"很爱很爱你\",\"courseEndTime\":\"09:30\",\"courseName\":\"测试课程\",\"courseNumber\":20,\"courseStartTime\":\"09:00\",\"courseType\":\"测试\",\"params\":{},\"placeId\":1,\"teacherId\":1,\"timeEndId\":2,\"timeStartId\":1}','{\"msg\":\"Request method \'POST\' not supported\",\"code\":500}',0,NULL,'2024-03-05 18:09:15',28),(151,'课程管理',2,'com.yizhanshi.course.controller.CourseController.editCourse()','PUT',1,'何嘉乐',NULL,'/courseInfo','127.0.0.1','','{\"chooseStatus\":\"0\",\"courseCheck\":\"1\",\"courseDay\":\"2024-03-06\",\"courseDescription\":\"很爱很爱你\",\"courseEndTime\":\"09:30\",\"courseName\":\"测试课程\",\"courseNumber\":20,\"courseStartTime\":\"09:00\",\"courseType\":\"测试\",\"params\":{},\"placeId\":1,\"teacherId\":1,\"timeEndId\":2,\"timeStartId\":1}',NULL,1,'Request method \'POST\' not supported','2024-03-05 18:17:08',290),(152,'课程管理',1,'com.yizhanshi.course.controller.CourseController.addCourse()','POST',1,'何嘉乐',NULL,'/courseInfo','127.0.0.1','','{\"chooseStatus\":\"0\",\"courseCheck\":\"1\",\"courseDay\":\"2024-03-06\",\"courseDescription\":\"很爱很爱你\",\"courseEndTime\":\"09:30\",\"courseName\":\"测试课程\",\"courseNumber\":20,\"courseStartTime\":\"09:00\",\"courseType\":\"测试\",\"params\":{},\"placeId\":1,\"teacherId\":1,\"timeEndId\":2,\"timeStartId\":1}',NULL,1,'Request method \'POST\' not supported','2024-03-05 18:17:17',28),(153,'课程管理',1,'com.yizhanshi.course.controller.CourseController.addCourse()','POST',1,'何嘉乐',NULL,'/courseInfo','127.0.0.1','','{\"chooseStatus\":\"0\",\"courseCheck\":\"1\",\"courseDay\":\"2024-03-06\",\"courseDescription\":\"很爱很爱你\",\"courseEndTime\":\"09:30\",\"courseName\":\"测试课程\",\"courseNumber\":20,\"courseStartTime\":\"09:00\",\"courseType\":\"测试\",\"params\":{},\"placeId\":1,\"teacherId\":1,\"timeEndId\":2,\"timeStartId\":1}',NULL,1,'Request method \'POST\' not supported','2024-03-05 18:19:18',421),(154,'课程管理',1,'com.yizhanshi.course.controller.CourseController.addCourse()','POST',1,'何嘉乐',NULL,'/courseInfo','127.0.0.1','','{\"chooseStatus\":\"0\",\"courseCheck\":\"1\",\"courseDay\":\"2024-03-06\",\"courseDescription\":\"很爱很爱你\",\"courseEndTime\":\"09:30\",\"courseName\":\"测试课程\",\"courseNumber\":20,\"courseStartTime\":\"09:00\",\"courseType\":\"测试\",\"params\":{},\"placeId\":1,\"teacherId\":1,\"timeEndId\":2,\"timeStartId\":1}',NULL,1,'Request method \'POST\' not supported','2024-03-05 18:21:01',279),(155,'课程管理',1,'com.yizhanshi.course.controller.CourseController.addCourse()','POST',1,'何嘉乐',NULL,'/courseInfo','127.0.0.1','','{\"chooseStatus\":\"0\",\"courseCheck\":\"1\",\"courseDay\":\"2024-03-06\",\"courseDescription\":\"很爱很爱你\",\"courseEndTime\":\"09:30\",\"courseName\":\"测试课程\",\"courseNumber\":20,\"courseStartTime\":\"09:00\",\"courseType\":\"测试\",\"params\":{},\"placeId\":1,\"teacherId\":1,\"timeEndId\":2,\"timeStartId\":1}',NULL,1,'Request method \'POST\' not supported','2024-03-05 18:24:57',130478),(156,'课程管理',1,'com.yizhanshi.course.controller.CourseController.addCourse()','POST',1,'何嘉乐',NULL,'/courseInfo','127.0.0.1','','{\"chooseStatus\":\"0\",\"courseCheck\":\"1\",\"courseDay\":\"2024-03-06\",\"courseDescription\":\"很爱很爱你\",\"courseEndTime\":\"09:30\",\"courseName\":\"测试课程\",\"courseNumber\":20,\"courseStartTime\":\"09:00\",\"courseType\":\"测试\",\"params\":{},\"placeId\":1,\"teacherId\":1,\"timeEndId\":2,\"timeStartId\":1}',NULL,1,'Request method \'POST\' not supported','2024-03-05 18:27:06',99430),(157,'课程管理',1,'com.yizhanshi.course.controller.CourseController.addCourse()','POST',1,'何嘉乐',NULL,'/courseInfo','127.0.0.1','','{\"chooseStatus\":\"0\",\"courseCheck\":\"1\",\"courseDay\":\"2024-03-06\",\"courseDescription\":\"很爱很爱你\",\"courseEndTime\":\"09:30\",\"courseName\":\"测试课程\",\"courseNumber\":20,\"courseStartTime\":\"09:00\",\"courseType\":\"测试\",\"params\":{},\"placeId\":1,\"teacherId\":1,\"timeEndId\":2,\"timeStartId\":1}',NULL,1,'传递map为空，请检查参数','2024-03-05 18:28:32',82042),(158,'课程管理',1,'com.yizhanshi.course.controller.CourseController.addCourse()','POST',1,'何嘉乐',NULL,'/courseInfo','127.0.0.1','','{\"chooseStatus\":\"0\",\"courseCheck\":\"1\",\"courseDay\":\"2024-03-06\",\"courseDescription\":\"很爱很爱你\",\"courseEndTime\":\"09:30\",\"courseName\":\"测试课程\",\"courseNumber\":20,\"courseStartTime\":\"09:00\",\"courseType\":\"测试\",\"params\":{},\"placeId\":1,\"teacherId\":1,\"timeEndId\":2,\"timeStartId\":1}',NULL,1,'传递map为空，请检查参数','2024-03-05 18:29:02',18),(159,'课程管理',1,'com.yizhanshi.course.controller.CourseController.addCourse()','POST',1,'何嘉乐',NULL,'/courseInfo','127.0.0.1','','{\"chooseStatus\":\"0\",\"courseCheck\":\"1\",\"courseDay\":\"2024-03-06\",\"courseDescription\":\"很爱很爱你\",\"courseEndTime\":\"09:30\",\"courseName\":\"测试课程\",\"courseNumber\":20,\"courseStartTime\":\"09:00\",\"courseType\":\"测试\",\"params\":{},\"placeId\":1,\"teacherId\":1,\"timeEndId\":2,\"timeStartId\":1}',NULL,1,'','2024-03-05 18:31:13',2175),(160,'课程管理',1,'com.yizhanshi.course.controller.CourseController.addCourse()','POST',1,'何嘉乐',NULL,'/courseInfo','127.0.0.1','','{\"chooseStatus\":\"0\",\"courseCheck\":\"1\",\"courseDay\":\"2024-03-06\",\"courseDescription\":\"很爱很爱你\",\"courseEndTime\":\"09:30\",\"courseName\":\"测试课程\",\"courseNumber\":20,\"courseStartTime\":\"09:00\",\"courseType\":\"测试\",\"params\":{},\"placeId\":1,\"teacherId\":1,\"timeEndId\":2,\"timeStartId\":1}',NULL,1,'传递map为空，请检查参数','2024-03-05 18:34:39',99276),(161,'课程管理',1,'com.yizhanshi.course.controller.CourseController.addCourse()','POST',1,'何嘉乐',NULL,'/courseInfo','127.0.0.1','','{\"chooseStatus\":\"0\",\"courseCheck\":\"1\",\"courseDay\":\"2024-03-06\",\"courseDescription\":\"很爱很爱你\",\"courseEndTime\":\"09:30\",\"courseName\":\"测试课程\",\"courseNumber\":20,\"courseStartTime\":\"09:00\",\"courseType\":\"测试\",\"params\":{},\"placeId\":1,\"teacherId\":1,\"timeEndId\":2,\"timeStartId\":1}',NULL,1,'调用场地服务失败:Read timed out executing POST http://yizhanshi-place/placeApply/timeConflictByPlace','2024-03-05 18:36:02',37831),(162,'课程管理',1,'com.yizhanshi.course.controller.CourseController.addCourse()','POST',1,'何嘉乐',NULL,'/courseInfo','127.0.0.1','','{\"chooseStatus\":\"0\",\"courseCheck\":\"1\",\"courseDay\":\"2024-03-06\",\"courseDescription\":\"很爱很爱你\",\"courseEndTime\":\"09:30\",\"courseName\":\"测试课程\",\"courseNumber\":20,\"courseStartTime\":\"09:00\",\"courseType\":\"测试\",\"params\":{},\"placeId\":1,\"teacherId\":1,\"timeEndId\":2,\"timeStartId\":1}',NULL,1,'调用场地服务失败:[503] during [POST] to [http://yizhanshi-place/placeApply/timeConflictByPlace] [RemotePlaceService#timeConflictByPlace(Map,String)]: [Load balancer does not contain an instance for the service yizhanshi-place]','2024-03-05 18:43:52',462457),(163,'课程管理',1,'com.yizhanshi.course.controller.CourseController.addCourse()','POST',1,'何嘉乐',NULL,'/courseInfo','127.0.0.1','','{\"chooseStatus\":\"0\",\"courseCheck\":\"1\",\"courseDay\":\"2024-03-06\",\"courseDescription\":\"很爱很爱你\",\"courseEndTime\":\"09:30\",\"courseName\":\"测试课程\",\"courseNumber\":20,\"courseStartTime\":\"09:00\",\"courseType\":\"测试\",\"params\":{},\"placeId\":1,\"teacherId\":1,\"timeEndId\":2,\"timeStartId\":1}',NULL,1,'java.lang.String cannot be cast to com.yizhanshi.place.api.domain.PlaceApply','2024-03-05 18:45:00',25895),(164,'课程管理',1,'com.yizhanshi.course.controller.CourseController.addCourse()','POST',1,'何嘉乐',NULL,'/courseInfo','127.0.0.1','','{\"chooseStatus\":\"0\",\"courseCheck\":\"1\",\"courseDay\":\"2024-03-06\",\"courseDescription\":\"很爱很爱你\",\"courseEndTime\":\"09:30\",\"courseName\":\"测试课程\",\"courseNumber\":20,\"courseStartTime\":\"09:00\",\"courseType\":\"测试\",\"params\":{},\"placeId\":1,\"teacherId\":1,\"timeEndId\":2,\"timeStartId\":1}',NULL,1,'java.lang.String cannot be cast to com.yizhanshi.place.api.domain.PlaceApply','2024-03-05 18:50:50',87213),(165,'课程管理',1,'com.yizhanshi.course.controller.CourseController.addCourse()','POST',1,'何嘉乐',NULL,'/courseInfo','127.0.0.1','','{\"chooseStatus\":\"0\",\"courseCheck\":\"1\",\"courseDay\":\"2024-03-06\",\"courseDescription\":\"很爱很爱你\",\"courseEndTime\":\"09:30\",\"courseName\":\"测试课程\",\"courseNumber\":20,\"courseStartTime\":\"09:00\",\"courseType\":\"测试\",\"params\":{},\"placeId\":1,\"teacherId\":1,\"timeEndId\":2,\"timeStartId\":1}',NULL,1,'调用场地服务失败:Read timed out executing POST http://yizhanshi-place/placeApply/timeConflictByPlace?chooseDay=2024-03-06&placeApply=com.yizhanshi.place.api.domain.PlaceApply%407f7caa87%5B%0D%0A%20%20applyId%3D%3Cnull%3E%0D%0A%20%20applyName%3D%3Cnull%3E%0D%0A%20%20userStudentid%3D%3Cnull%3E%0D%0A%20%20placeId%3D%3Cnull%3E%0D%0A%20%20instructorName%3D%3Cnull%3E%0D%0A%20%20instructorStudentid%3D%3Cnull%3E%0D%0A%20%20instructorOrganization%3D%3Cnull%3E%0D%0A%20%20instructorPhone%3D%3Cnull%3E%0D%0A%20%20fudaoName%3D%3Cnull%3E%0D%0A%20%20fudaoStudentid%3D%3Cnull%3E%0D%0A%20%20fudaoOrganization%3D%3Cnull%3E%0D%0A%20%20fudaoPhone%3D%3Cnull%3E%0D%0A%20%20applyDay%3D%3Cnull%3E%0D%0A%20%20timeStartId%3D1%0D%0A%20%20timeEndId%3D2%0D%0A%20%20applyStartTime%3D09%3A00%0D%0A%20%20applyEndTime%3D09%3A30%0D%0A%20%20applyNumber%3D0%0D%0A%20%20reasonId%3D%3Cnull%3E%0D%0A%20%20applyOrganization%3D%3Cnull%3E%0D%0A%20%20applyContent%3D%3Cnull%3E%0D%0A%20%20applyAdmin1%3D%3Cnull%3E%0D%0A%20%20applyAdmin2%3D%3Cnull%3E%0D%0A%20%20refuseReason%3D%3Cnull%3E%0D%0A%20%20recallStatus%3D%3Cnull%3E%0D%0A%20%20recallReason%3D%3Cnull%3E%0D%0A%20%20status%3D%3Cnull%3E%0D%0A%20%20delFlag%3D%3Cnull%3E%0D%0A%20%20createBy%3D%3Cnull%3E%0D%0A%20%20createTime%3D%3Cnull%3E%0D%0A%20%20updateBy%3D%3Cnull%3E%0D%0A%20%20updateTime%3D%3Cnull%3E%0D%0A%20%20remark%3D%3Cnull%3E%0D%0A%5D','2024-03-05 18:54:23',183451),(166,'课程管理',1,'com.yizhanshi.course.controller.CourseController.addCourse()','POST',1,'何嘉乐',NULL,'/courseInfo','127.0.0.1','','{\"chooseStatus\":\"0\",\"courseCheck\":\"1\",\"courseDay\":\"2024-03-06\",\"courseDescription\":\"很爱很爱你\",\"courseEndTime\":\"09:30\",\"courseName\":\"测试课程\",\"courseNumber\":20,\"courseStartTime\":\"09:00\",\"courseType\":\"测试\",\"params\":{},\"placeId\":1,\"teacherId\":1,\"timeEndId\":2,\"timeStartId\":1}',NULL,1,'调用场地服务失败:Read timed out executing POST http://yizhanshi-place/placeApply/timeConflictByPlace?chooseDay=2024-03-06&placeApply=com.yizhanshi.place.api.domain.PlaceApply%4031897b15%5B%0D%0A%20%20applyId%3D%3Cnull%3E%0D%0A%20%20applyName%3D%3Cnull%3E%0D%0A%20%20userStudentid%3D%3Cnull%3E%0D%0A%20%20placeId%3D%3Cnull%3E%0D%0A%20%20instructorName%3D%3Cnull%3E%0D%0A%20%20instructorStudentid%3D%3Cnull%3E%0D%0A%20%20instructorOrganization%3D%3Cnull%3E%0D%0A%20%20instructorPhone%3D%3Cnull%3E%0D%0A%20%20fudaoName%3D%3Cnull%3E%0D%0A%20%20fudaoStudentid%3D%3Cnull%3E%0D%0A%20%20fudaoOrganization%3D%3Cnull%3E%0D%0A%20%20fudaoPhone%3D%3Cnull%3E%0D%0A%20%20applyDay%3D%3Cnull%3E%0D%0A%20%20timeStartId%3D1%0D%0A%20%20timeEndId%3D2%0D%0A%20%20applyStartTime%3D09%3A00%0D%0A%20%20applyEndTime%3D09%3A30%0D%0A%20%20applyNumber%3D0%0D%0A%20%20reasonId%3D%3Cnull%3E%0D%0A%20%20applyOrganization%3D%3Cnull%3E%0D%0A%20%20applyContent%3D%3Cnull%3E%0D%0A%20%20applyAdmin1%3D%3Cnull%3E%0D%0A%20%20applyAdmin2%3D%3Cnull%3E%0D%0A%20%20refuseReason%3D%3Cnull%3E%0D%0A%20%20recallStatus%3D%3Cnull%3E%0D%0A%20%20recallReason%3D%3Cnull%3E%0D%0A%20%20status%3D%3Cnull%3E%0D%0A%20%20delFlag%3D%3Cnull%3E%0D%0A%20%20createBy%3D%3Cnull%3E%0D%0A%20%20createTime%3D%3Cnull%3E%0D%0A%20%20updateBy%3D%3Cnull%3E%0D%0A%20%20updateTime%3D%3Cnull%3E%0D%0A%20%20remark%3D%3Cnull%3E%0D%0A%5D','2024-03-05 18:56:14',94740),(167,'课程管理',1,'com.yizhanshi.course.controller.CourseController.addCourse()','POST',1,'何嘉乐',NULL,'/courseInfo','127.0.0.1','','{\"chooseStatus\":\"0\",\"courseCheck\":\"1\",\"courseDay\":\"2024-03-06\",\"courseDescription\":\"很爱很爱你\",\"courseEndTime\":\"09:30\",\"courseName\":\"测试课程\",\"courseNumber\":20,\"courseStartTime\":\"09:00\",\"courseType\":\"测试\",\"params\":{},\"placeId\":1,\"teacherId\":1,\"timeEndId\":2,\"timeStartId\":1}',NULL,1,'java.lang.String cannot be cast to com.yizhanshi.place.api.domain.PlaceApply','2024-03-05 18:56:41',2641),(168,'课程管理',1,'com.yizhanshi.course.controller.CourseController.addCourse()','POST',1,'何嘉乐',NULL,'/courseInfo','127.0.0.1','','{\"chooseStatus\":\"0\",\"courseCheck\":\"1\",\"courseDay\":\"2024-03-06\",\"courseDescription\":\"很爱很爱你\",\"courseEndTime\":\"09:30\",\"courseName\":\"测试课程\",\"courseNumber\":20,\"courseStartTime\":\"09:00\",\"courseType\":\"测试\",\"params\":{},\"placeId\":1,\"teacherId\":1,\"timeEndId\":2,\"timeStartId\":1}',NULL,1,'syntax error, pos 1, line 1, column 2com.yizhanshi.place.api.domain.PlaceApply@4abdccc1[\r\n  applyId=<null>\r\n  applyName=<null>\r\n  userStudentid=<null>\r\n  placeId=<null>\r\n  instructorName=<null>\r\n  instructorStudentid=<null>\r\n  instructorOrganization=<null>\r\n  instructorPhone=<null>\r\n  fudaoName=<null>\r\n  fudaoStudentid=<null>\r\n  fudaoOrganization=<null>\r\n  fudaoPhone=<null>\r\n  applyDay=<null>\r\n  timeStartId=1\r\n  timeEndId=2\r\n  applyStartTime=09:00\r\n  applyEndTime=09:30\r\n  applyNumber=0\r\n  reasonId=<null>\r\n  applyOrganization=<null>\r\n  applyContent=<null>\r\n  applyAdmin1=<null>\r\n  applyAdmin2=<null>\r\n  refuseReason=<null>\r\n  recallStatus=<null>\r\n  recallReason=<null>\r\n  status=<null>\r\n  delFlag=<null>\r\n  createBy=<null>\r\n  createTime=<null>\r\n  updateBy=<null>\r\n  updateTime=<null>\r\n  remark=<null>\r\n]','2024-03-05 19:05:49',2838),(169,'课程管理',1,'com.yizhanshi.course.controller.CourseController.addCourse()','POST',1,'何嘉乐',NULL,'/courseInfo','127.0.0.1','','{\"chooseStatus\":\"0\",\"courseCheck\":\"1\",\"courseDay\":\"2024-03-06\",\"courseDescription\":\"很爱很爱你\",\"courseEndTime\":\"09:30\",\"courseName\":\"测试课程\",\"courseNumber\":20,\"courseStartTime\":\"09:00\",\"courseType\":\"测试\",\"params\":{},\"placeId\":1,\"teacherId\":1,\"timeEndId\":2,\"timeStartId\":1}',NULL,1,'offset 1, character c, line 1, column 2, fastjson-version 2.0.43 com.yizhanshi.place.api.domain.PlaceApply@508b4e61[\r\n  applyId=<null>\r\n  applyName=<null>\r\n  userStudentid=<null>\r\n  placeId=<null>\r\n  instructorName=<null>\r\n  instructorStudentid=<null>\r\n  instructorOrganization=<null>\r\n  instructorPhone=<null>\r\n  fudaoName=<null>\r\n  fudaoStudentid=<null>\r\n  fudaoOrganization=<null>\r\n  fudaoPhone=<null>\r\n  applyDay=<null>\r\n  timeStartId=1\r\n  timeEndId=2\r\n  applyStartTime=09:00\r\n  applyEndTime=09:30\r\n  applyNumber=0\r\n  reasonId=<null>\r\n  applyOrganization=<null>\r\n  applyContent=<null>\r\n  applyAdmin1=<null>\r\n  applyAdmin2=<null>\r\n  refuseReason=<null>\r\n  recallStatus=<null>\r\n  recallReason=<null>\r\n  status=<null>\r\n  delFlag=<null>\r\n  createBy=<null>\r\n  createTime=<null>\r\n  updateBy=<null>\r\n  updateTime=<null>\r\n  remark=<null>\r\n]','2024-03-05 19:09:01',1850),(170,'课程管理',1,'com.yizhanshi.course.controller.CourseController.addCourse()','POST',1,'何嘉乐',NULL,'/courseInfo','127.0.0.1','','{\"chooseStatus\":\"0\",\"courseCheck\":\"1\",\"courseDay\":\"2024-03-06\",\"courseDescription\":\"很爱很爱你\",\"courseEndTime\":\"09:30\",\"courseName\":\"测试课程\",\"courseNumber\":20,\"courseStartTime\":\"09:00\",\"courseType\":\"测试\",\"params\":{},\"placeId\":1,\"teacherId\":1,\"timeEndId\":2,\"timeStartId\":1}',NULL,1,'调用场地服务失败:Read timed out executing POST http://yizhanshi-place/placeApply/timeConflictByPlace?chooseDay=2024-03-06&placeApply=com.yizhanshi.place.api.domain.PlaceApply%403b1940d6%5B%0D%0A%20%20applyId%3D%3Cnull%3E%0D%0A%20%20applyName%3D%3Cnull%3E%0D%0A%20%20userStudentid%3D%3Cnull%3E%0D%0A%20%20placeId%3D%3Cnull%3E%0D%0A%20%20instructorName%3D%3Cnull%3E%0D%0A%20%20instructorStudentid%3D%3Cnull%3E%0D%0A%20%20instructorOrganization%3D%3Cnull%3E%0D%0A%20%20instructorPhone%3D%3Cnull%3E%0D%0A%20%20fudaoName%3D%3Cnull%3E%0D%0A%20%20fudaoStudentid%3D%3Cnull%3E%0D%0A%20%20fudaoOrganization%3D%3Cnull%3E%0D%0A%20%20fudaoPhone%3D%3Cnull%3E%0D%0A%20%20applyDay%3D%3Cnull%3E%0D%0A%20%20timeStartId%3D1%0D%0A%20%20timeEndId%3D2%0D%0A%20%20applyStartTime%3D09%3A00%0D%0A%20%20applyEndTime%3D09%3A30%0D%0A%20%20applyNumber%3D0%0D%0A%20%20reasonId%3D%3Cnull%3E%0D%0A%20%20applyOrganization%3D%3Cnull%3E%0D%0A%20%20applyContent%3D%3Cnull%3E%0D%0A%20%20applyAdmin1%3D%3Cnull%3E%0D%0A%20%20applyAdmin2%3D%3Cnull%3E%0D%0A%20%20refuseReason%3D%3Cnull%3E%0D%0A%20%20recallStatus%3D%3Cnull%3E%0D%0A%20%20recallReason%3D%3Cnull%3E%0D%0A%20%20status%3D%3Cnull%3E%0D%0A%20%20delFlag%3D%3Cnull%3E%0D%0A%20%20createBy%3D%3Cnull%3E%0D%0A%20%20createTime%3D%3Cnull%3E%0D%0A%20%20updateBy%3D%3Cnull%3E%0D%0A%20%20updateTime%3D%3Cnull%3E%0D%0A%20%20remark%3D%3Cnull%3E%0D%0A%5D','2024-03-05 19:20:45',10032),(171,'课程管理',1,'com.yizhanshi.course.controller.CourseController.addCourse()','POST',1,'何嘉乐',NULL,'/courseInfo','127.0.0.1','','{\"chooseStatus\":\"0\",\"courseCheck\":\"1\",\"courseDay\":\"2024-03-06\",\"courseDescription\":\"很爱很爱你\",\"courseEndTime\":\"09:30\",\"courseName\":\"测试课程\",\"courseNumber\":20,\"courseStartTime\":\"09:00\",\"courseType\":\"测试\",\"params\":{},\"placeId\":1,\"teacherId\":1,\"timeEndId\":2,\"timeStartId\":1}',NULL,1,'调用场地服务失败:Read timed out executing POST http://yizhanshi-place/placeApply/timeConflictByPlace?chooseDay=2024-03-06&placeApply=com.yizhanshi.place.api.domain.PlaceApply%40735f9ca8%5B%0D%0A%20%20applyId%3D%3Cnull%3E%0D%0A%20%20applyName%3D%3Cnull%3E%0D%0A%20%20userStudentid%3D%3Cnull%3E%0D%0A%20%20placeId%3D%3Cnull%3E%0D%0A%20%20instructorName%3D%3Cnull%3E%0D%0A%20%20instructorStudentid%3D%3Cnull%3E%0D%0A%20%20instructorOrganization%3D%3Cnull%3E%0D%0A%20%20instructorPhone%3D%3Cnull%3E%0D%0A%20%20fudaoName%3D%3Cnull%3E%0D%0A%20%20fudaoStudentid%3D%3Cnull%3E%0D%0A%20%20fudaoOrganization%3D%3Cnull%3E%0D%0A%20%20fudaoPhone%3D%3Cnull%3E%0D%0A%20%20applyDay%3D%3Cnull%3E%0D%0A%20%20timeStartId%3D1%0D%0A%20%20timeEndId%3D2%0D%0A%20%20applyStartTime%3D09%3A00%0D%0A%20%20applyEndTime%3D09%3A30%0D%0A%20%20applyNumber%3D0%0D%0A%20%20reasonId%3D%3Cnull%3E%0D%0A%20%20applyOrganization%3D%3Cnull%3E%0D%0A%20%20applyContent%3D%3Cnull%3E%0D%0A%20%20applyAdmin1%3D%3Cnull%3E%0D%0A%20%20applyAdmin2%3D%3Cnull%3E%0D%0A%20%20refuseReason%3D%3Cnull%3E%0D%0A%20%20recallStatus%3D%3Cnull%3E%0D%0A%20%20recallReason%3D%3Cnull%3E%0D%0A%20%20status%3D%3Cnull%3E%0D%0A%20%20delFlag%3D%3Cnull%3E%0D%0A%20%20places%3D%3Cnull%3E%0D%0A%20%20placeReasons%3D%3Cnull%3E%0D%0A%20%20createBy%3D%3Cnull%3E%0D%0A%20%20createTime%3D%3Cnull%3E%0D%0A%20%20updateBy%3D%3Cnull%3E%0D%0A%20%20updateTime%3D%3Cnull%3E%0D%0A%20%20remark%3D%3Cnull%3E%0D%0A%5D','2024-03-05 19:24:24',10036),(172,'课程管理',1,'com.yizhanshi.course.controller.CourseController.addCourse()','POST',1,'何嘉乐',NULL,'/courseInfo','127.0.0.1','','{\"chooseStatus\":\"0\",\"courseCheck\":\"1\",\"courseDay\":\"2024-03-06\",\"courseDescription\":\"很爱很爱你\",\"courseEndTime\":\"09:30\",\"courseName\":\"测试课程\",\"courseNumber\":20,\"courseStartTime\":\"09:00\",\"courseType\":\"测试\",\"params\":{},\"placeId\":1,\"teacherId\":1,\"timeEndId\":2,\"timeStartId\":1}',NULL,1,'调用场地服务失败:Read timed out executing POST http://yizhanshi-place/placeApply/timeConflictByPlace?chooseDay=2024-03-06&placeApply=com.yizhanshi.place.api.domain.PlaceApply%403ce5a456%5B%0D%0A%20%20applyId%3D%3Cnull%3E%0D%0A%20%20applyName%3D%3Cnull%3E%0D%0A%20%20userStudentid%3D%3Cnull%3E%0D%0A%20%20placeId%3D%3Cnull%3E%0D%0A%20%20instructorName%3D%3Cnull%3E%0D%0A%20%20instructorStudentid%3D%3Cnull%3E%0D%0A%20%20instructorOrganization%3D%3Cnull%3E%0D%0A%20%20instructorPhone%3D%3Cnull%3E%0D%0A%20%20fudaoName%3D%3Cnull%3E%0D%0A%20%20fudaoStudentid%3D%3Cnull%3E%0D%0A%20%20fudaoOrganization%3D%3Cnull%3E%0D%0A%20%20fudaoPhone%3D%3Cnull%3E%0D%0A%20%20applyDay%3D%3Cnull%3E%0D%0A%20%20timeStartId%3D1%0D%0A%20%20timeEndId%3D2%0D%0A%20%20applyStartTime%3D09%3A00%0D%0A%20%20applyEndTime%3D09%3A30%0D%0A%20%20applyNumber%3D0%0D%0A%20%20reasonId%3D%3Cnull%3E%0D%0A%20%20applyOrganization%3D%3Cnull%3E%0D%0A%20%20applyContent%3D%3Cnull%3E%0D%0A%20%20applyAdmin1%3D%3Cnull%3E%0D%0A%20%20applyAdmin2%3D%3Cnull%3E%0D%0A%20%20refuseReason%3D%3Cnull%3E%0D%0A%20%20recallStatus%3D%3Cnull%3E%0D%0A%20%20recallReason%3D%3Cnull%3E%0D%0A%20%20status%3D%3Cnull%3E%0D%0A%20%20delFlag%3D%3Cnull%3E%0D%0A%20%20places%3D%3Cnull%3E%0D%0A%20%20placeReasons%3D%3Cnull%3E%0D%0A%20%20createBy%3D%3Cnull%3E%0D%0A%20%20createTime%3D%3Cnull%3E%0D%0A%20%20updateBy%3D%3Cnull%3E%0D%0A%20%20updateTime%3D%3Cnull%3E%0D%0A%20%20remark%3D%3Cnull%3E%0D%0A%5D','2024-03-05 19:27:33',10021),(173,'课程管理',1,'com.yizhanshi.course.controller.CourseController.addCourse()','POST',1,'何嘉乐',NULL,'/courseInfo','127.0.0.1','','{\"chooseStatus\":\"0\",\"courseCheck\":\"1\",\"courseDay\":\"2024-03-06\",\"courseDescription\":\"很爱很爱你\",\"courseEndTime\":\"09:30\",\"courseName\":\"测试课程\",\"courseNumber\":20,\"courseStartTime\":\"09:00\",\"courseType\":\"测试\",\"params\":{},\"placeId\":1,\"teacherId\":1,\"timeEndId\":2,\"timeStartId\":1}',NULL,1,'调用场地服务失败:Read timed out executing POST http://yizhanshi-place/placeApply/timeConflictByPlace?chooseDay=2024-03-06&placeApply=com.yizhanshi.place.api.domain.PlaceApply%40af157f1%5B%0D%0A%20%20applyId%3D%3Cnull%3E%0D%0A%20%20applyName%3D%3Cnull%3E%0D%0A%20%20userStudentid%3D%3Cnull%3E%0D%0A%20%20placeId%3D%3Cnull%3E%0D%0A%20%20instructorName%3D%3Cnull%3E%0D%0A%20%20instructorStudentid%3D%3Cnull%3E%0D%0A%20%20instructorOrganization%3D%3Cnull%3E%0D%0A%20%20instructorPhone%3D%3Cnull%3E%0D%0A%20%20fudaoName%3D%3Cnull%3E%0D%0A%20%20fudaoStudentid%3D%3Cnull%3E%0D%0A%20%20fudaoOrganization%3D%3Cnull%3E%0D%0A%20%20fudaoPhone%3D%3Cnull%3E%0D%0A%20%20applyDay%3D%3Cnull%3E%0D%0A%20%20timeStartId%3D1%0D%0A%20%20timeEndId%3D2%0D%0A%20%20applyStartTime%3D09%3A00%0D%0A%20%20applyEndTime%3D09%3A30%0D%0A%20%20applyNumber%3D0%0D%0A%20%20reasonId%3D%3Cnull%3E%0D%0A%20%20applyOrganization%3D%3Cnull%3E%0D%0A%20%20applyContent%3D%3Cnull%3E%0D%0A%20%20applyAdmin1%3D%3Cnull%3E%0D%0A%20%20applyAdmin2%3D%3Cnull%3E%0D%0A%20%20refuseReason%3D%3Cnull%3E%0D%0A%20%20recallStatus%3D%3Cnull%3E%0D%0A%20%20recallReason%3D%3Cnull%3E%0D%0A%20%20status%3D%3Cnull%3E%0D%0A%20%20delFlag%3D%3Cnull%3E%0D%0A%20%20places%3D%3Cnull%3E%0D%0A%20%20placeReasons%3D%3Cnull%3E%0D%0A%20%20createBy%3D%3Cnull%3E%0D%0A%20%20createTime%3D%3Cnull%3E%0D%0A%20%20updateBy%3D%3Cnull%3E%0D%0A%20%20updateTime%3D%3Cnull%3E%0D%0A%20%20remark%3D%3Cnull%3E%0D%0A%5D','2024-03-05 19:30:34',10013),(174,'课程管理',1,'com.yizhanshi.course.controller.CourseController.addCourse()','POST',1,'何嘉乐',NULL,'/courseInfo','127.0.0.1','','{\"chooseStatus\":\"0\",\"courseCheck\":\"1\",\"courseDay\":\"2024-03-06\",\"courseDescription\":\"很爱很爱你\",\"courseEndTime\":\"09:30\",\"courseName\":\"测试课程\",\"courseNumber\":20,\"courseStartTime\":\"09:00\",\"courseType\":\"测试\",\"params\":{},\"placeId\":1,\"teacherId\":1,\"timeEndId\":2,\"timeStartId\":1}',NULL,1,'调用场地服务失败:Read timed out executing POST http://yizhanshi-place/placeApply/timeConflictByPlace?chooseDay=2024-03-06&placeApply=com.yizhanshi.place.api.domain.PlaceApply%406c4b3f53%5B%0D%0A%20%20applyId%3D%3Cnull%3E%0D%0A%20%20applyName%3D%3Cnull%3E%0D%0A%20%20userStudentid%3D%3Cnull%3E%0D%0A%20%20placeId%3D%3Cnull%3E%0D%0A%20%20instructorName%3D%3Cnull%3E%0D%0A%20%20instructorStudentid%3D%3Cnull%3E%0D%0A%20%20instructorOrganization%3D%3Cnull%3E%0D%0A%20%20instructorPhone%3D%3Cnull%3E%0D%0A%20%20fudaoName%3D%3Cnull%3E%0D%0A%20%20fudaoStudentid%3D%3Cnull%3E%0D%0A%20%20fudaoOrganization%3D%3Cnull%3E%0D%0A%20%20fudaoPhone%3D%3Cnull%3E%0D%0A%20%20applyDay%3D%3Cnull%3E%0D%0A%20%20timeStartId%3D1%0D%0A%20%20timeEndId%3D2%0D%0A%20%20applyStartTime%3D09%3A00%0D%0A%20%20applyEndTime%3D09%3A30%0D%0A%20%20applyNumber%3D0%0D%0A%20%20reasonId%3D%3Cnull%3E%0D%0A%20%20applyOrganization%3D%3Cnull%3E%0D%0A%20%20applyContent%3D%3Cnull%3E%0D%0A%20%20applyAdmin1%3D%3Cnull%3E%0D%0A%20%20applyAdmin2%3D%3Cnull%3E%0D%0A%20%20refuseReason%3D%3Cnull%3E%0D%0A%20%20recallStatus%3D%3Cnull%3E%0D%0A%20%20recallReason%3D%3Cnull%3E%0D%0A%20%20status%3D%3Cnull%3E%0D%0A%20%20delFlag%3D%3Cnull%3E%0D%0A%20%20places%3D%3Cnull%3E%0D%0A%20%20placeReasons%3D%3Cnull%3E%0D%0A%20%20createBy%3D%3Cnull%3E%0D%0A%20%20createTime%3D%3Cnull%3E%0D%0A%20%20updateBy%3D%3Cnull%3E%0D%0A%20%20updateTime%3D%3Cnull%3E%0D%0A%20%20remark%3D%3Cnull%3E%0D%0A%5D','2024-03-05 19:32:08',10034),(175,'课程管理',1,'com.yizhanshi.course.controller.CourseController.addCourse()','POST',1,'何嘉乐',NULL,'/courseInfo','127.0.0.1','','{\"chooseStatus\":\"0\",\"courseCheck\":\"1\",\"courseDay\":\"2024-03-06\",\"courseDescription\":\"很爱很爱你\",\"courseEndTime\":\"09:30\",\"courseName\":\"测试课程\",\"courseNumber\":20,\"courseStartTime\":\"09:00\",\"courseType\":\"测试\",\"params\":{},\"placeId\":1,\"teacherId\":1,\"timeEndId\":2,\"timeStartId\":1}',NULL,1,'java.util.LinkedHashMap cannot be cast to com.yizhanshi.place.api.domain.PlaceApply','2024-03-05 19:45:43',2998),(176,'课程管理',1,'com.yizhanshi.course.controller.CourseController.addCourse()','POST',1,'何嘉乐',NULL,'/courseInfo','127.0.0.1','','{\"chooseStatus\":\"0\",\"courseCheck\":\"1\",\"courseDay\":\"2024-03-06\",\"courseDescription\":\"很爱很爱你\",\"courseEndTime\":\"09:30\",\"courseName\":\"测试课程\",\"courseNumber\":20,\"courseStartTime\":\"09:00\",\"courseType\":\"测试\",\"params\":{},\"placeId\":1,\"teacherId\":1,\"timeEndId\":2,\"timeStartId\":1}',NULL,1,'java.util.LinkedHashMap cannot be cast to java.lang.String','2024-03-05 19:47:17',3247),(177,'课程管理',1,'com.yizhanshi.course.controller.CourseController.addCourse()','POST',1,'何嘉乐',NULL,'/courseInfo','127.0.0.1','','{\"chooseStatus\":\"0\",\"courseCheck\":\"1\",\"courseDay\":\"2024-03-06\",\"courseDescription\":\"很爱很爱你\",\"courseEndTime\":\"09:30\",\"courseName\":\"测试课程\",\"courseNumber\":20,\"courseStartTime\":\"09:00\",\"courseType\":\"测试\",\"params\":{},\"placeId\":1,\"teacherId\":1,\"timeEndId\":2,\"timeStartId\":1}',NULL,1,'java.util.LinkedHashMap cannot be cast to java.lang.String','2024-03-05 19:49:19',661),(178,'课程管理',1,'com.yizhanshi.course.controller.CourseController.addCourse()','POST',1,'何嘉乐',NULL,'/courseInfo','127.0.0.1','','{\"chooseStatus\":\"0\",\"courseCheck\":\"1\",\"courseDay\":\"2024-03-06\",\"courseDescription\":\"很爱很爱你\",\"courseEndTime\":\"09:30\",\"courseName\":\"测试课程\",\"courseNumber\":20,\"courseStartTime\":\"09:00\",\"courseType\":\"测试\",\"params\":{},\"placeId\":1,\"teacherId\":1,\"timeEndId\":2,\"timeStartId\":1}',NULL,1,'java.util.LinkedHashMap cannot be cast to com.yizhanshi.place.api.domain.PlaceApply','2024-03-05 19:52:13',2388),(179,'课程管理',1,'com.yizhanshi.course.controller.CourseController.addCourse()','POST',1,'何嘉乐',NULL,'/courseInfo','127.0.0.1','','{\"chooseStatus\":\"0\",\"courseCheck\":\"1\",\"courseDay\":\"2024-03-06\",\"courseDescription\":\"很爱很爱你\",\"courseEndTime\":\"09:30\",\"courseName\":\"测试课程\",\"courseNumber\":20,\"courseStartTime\":\"09:00\",\"courseType\":\"测试\",\"params\":{},\"placeId\":1,\"teacherId\":1,\"timeEndId\":2,\"timeStartId\":1}',NULL,1,'调用场地服务失败:Read timed out executing POST http://yizhanshi-place/placeApply/timeConflictByPlace','2024-03-05 19:53:31',10039),(180,'课程管理',1,'com.yizhanshi.course.controller.CourseController.addCourse()','POST',1,'何嘉乐',NULL,'/courseInfo','127.0.0.1','','{\"chooseStatus\":\"0\",\"courseCheck\":\"1\",\"courseDay\":\"2024-03-06\",\"courseDescription\":\"很爱很爱你\",\"courseEndTime\":\"09:30\",\"courseName\":\"测试课程\",\"courseNumber\":20,\"courseStartTime\":\"09:00\",\"courseType\":\"测试\",\"params\":{},\"placeId\":1,\"teacherId\":1,\"timeEndId\":2,\"timeStartId\":1}',NULL,1,'调用场地服务失败:Read timed out executing POST http://yizhanshi-place/placeApply/timeConflictByPlace?chooseDay=2024-03-06&placeApply=com.yizhanshi.place.api.domain.PlaceApply%40672b1791%5B%0D%0A%20%20applyId%3D%3Cnull%3E%0D%0A%20%20applyName%3D%3Cnull%3E%0D%0A%20%20userStudentid%3D%3Cnull%3E%0D%0A%20%20placeId%3D%3Cnull%3E%0D%0A%20%20instructorName%3D%3Cnull%3E%0D%0A%20%20instructorStudentid%3D%3Cnull%3E%0D%0A%20%20instructorOrganization%3D%3Cnull%3E%0D%0A%20%20instructorPhone%3D%3Cnull%3E%0D%0A%20%20fudaoName%3D%3Cnull%3E%0D%0A%20%20fudaoStudentid%3D%3Cnull%3E%0D%0A%20%20fudaoOrganization%3D%3Cnull%3E%0D%0A%20%20fudaoPhone%3D%3Cnull%3E%0D%0A%20%20applyDay%3D%3Cnull%3E%0D%0A%20%20timeStartId%3D1%0D%0A%20%20timeEndId%3D2%0D%0A%20%20applyStartTime%3D09%3A00%0D%0A%20%20applyEndTime%3D09%3A30%0D%0A%20%20applyNumber%3D0%0D%0A%20%20reasonId%3D%3Cnull%3E%0D%0A%20%20applyOrganization%3D%3Cnull%3E%0D%0A%20%20applyContent%3D%3Cnull%3E%0D%0A%20%20applyAdmin1%3D%3Cnull%3E%0D%0A%20%20applyAdmin2%3D%3Cnull%3E%0D%0A%20%20refuseReason%3D%3Cnull%3E%0D%0A%20%20recallStatus%3D%3Cnull%3E%0D%0A%20%20recallReason%3D%3Cnull%3E%0D%0A%20%20status%3D%3Cnull%3E%0D%0A%20%20delFlag%3D%3Cnull%3E%0D%0A%20%20places%3D%3Cnull%3E%0D%0A%20%20placeReasons%3D%3Cnull%3E%0D%0A%20%20createBy%3D%3Cnull%3E%0D%0A%20%20createTime%3D%3Cnull%3E%0D%0A%20%20updateBy%3D%3Cnull%3E%0D%0A%20%20updateTime%3D%3Cnull%3E%0D%0A%20%20remark%3D%3Cnull%3E%0D%0A%5D','2024-03-06 10:42:28',10348),(181,'课程管理',1,'com.yizhanshi.course.controller.CourseController.addCourse()','POST',1,'何嘉乐',NULL,'/courseInfo','127.0.0.1','','{\"chooseStatus\":\"0\",\"courseCheck\":\"1\",\"courseDay\":\"2024-03-06\",\"courseDescription\":\"很爱很爱你\",\"courseEndTime\":\"09:30\",\"courseName\":\"测试课程\",\"courseNumber\":20,\"courseStartTime\":\"09:00\",\"courseType\":\"测试\",\"params\":{},\"placeId\":1,\"teacherId\":1,\"timeEndId\":2,\"timeStartId\":1}',NULL,1,'java.lang.String cannot be cast to com.yizhanshi.place.api.domain.PlaceApply','2024-03-06 10:43:02',33),(182,'课程管理',1,'com.yizhanshi.course.controller.CourseController.addCourse()','POST',1,'何嘉乐',NULL,'/courseInfo','127.0.0.1','','{\"chooseStatus\":\"0\",\"courseCheck\":\"1\",\"courseDay\":\"2024-03-06\",\"courseDescription\":\"很爱很爱你\",\"courseEndTime\":\"09:30\",\"courseName\":\"测试课程\",\"courseNumber\":20,\"courseStartTime\":\"09:00\",\"courseType\":\"测试\",\"params\":{},\"placeId\":1,\"teacherId\":1,\"timeEndId\":2,\"timeStartId\":1}',NULL,1,'java.lang.String cannot be cast to com.yizhanshi.place.api.domain.PlaceApply','2024-03-06 10:44:44',7208),(183,'课程管理',1,'com.yizhanshi.course.controller.CourseController.addCourse()','POST',1,'何嘉乐',NULL,'/courseInfo','127.0.0.1','','{\"chooseStatus\":\"0\",\"courseCheck\":\"1\",\"courseDay\":\"2024-03-06\",\"courseDescription\":\"很爱很爱你\",\"courseEndTime\":\"09:30\",\"courseName\":\"测试课程\",\"courseNumber\":20,\"courseStartTime\":\"09:00\",\"courseType\":\"测试\",\"params\":{},\"placeId\":1,\"teacherId\":1,\"timeEndId\":2,\"timeStartId\":1}',NULL,1,'Required request body is missing: public com.yizhanshi.common.core.domain.R<java.lang.Boolean> com.yizhanshi.place.controller.PlaceApplyController.timeConflictByPlace(com.yizhanshi.place.api.domain.PlaceApply,java.lang.String)','2024-03-06 11:11:34',2843),(184,'课程管理',1,'com.yizhanshi.course.controller.CourseController.addCourse()','POST',1,'何嘉乐',NULL,'/courseInfo','127.0.0.1','','{\"chooseStatus\":\"0\",\"courseCheck\":\"1\",\"courseDay\":\"2024-03-06\",\"courseDescription\":\"很爱很爱你\",\"courseEndTime\":\"09:30\",\"courseName\":\"测试课程\",\"courseNumber\":20,\"courseStartTime\":\"09:00\",\"courseType\":\"测试\",\"params\":{},\"placeId\":1,\"teacherId\":1,\"timeEndId\":2,\"timeStartId\":1}',NULL,1,'Required request body is missing: public com.yizhanshi.common.core.domain.R<java.lang.Boolean> com.yizhanshi.place.controller.PlaceApplyController.timeConflictByPlace(com.yizhanshi.place.api.domain.PlaceApply,java.lang.String)','2024-03-06 11:15:37',2699),(185,'课程管理',1,'com.yizhanshi.course.controller.CourseController.addCourse()','POST',1,'何嘉乐',NULL,'/courseInfo','127.0.0.1','','{\"chooseStatus\":\"0\",\"courseCheck\":\"1\",\"courseDay\":\"2024-03-06\",\"courseDescription\":\"很爱很爱你\",\"courseEndTime\":\"09:30\",\"courseName\":\"测试课程\",\"courseNumber\":20,\"courseStartTime\":\"09:00\",\"courseType\":\"测试\",\"params\":{},\"placeId\":1,\"teacherId\":1,\"timeEndId\":2,\"timeStartId\":1}',NULL,1,'Required request body is missing: public com.yizhanshi.common.core.domain.R<java.lang.Boolean> com.yizhanshi.place.controller.PlaceApplyController.timeConflictByPlace(com.yizhanshi.place.api.domain.PlaceApply,java.lang.String)','2024-03-06 11:18:17',2735),(186,'课程管理',1,'com.yizhanshi.course.controller.CourseController.addCourse()','POST',1,'何嘉乐',NULL,'/courseInfo','127.0.0.1','','{\"chooseStatus\":\"0\",\"courseCheck\":\"1\",\"courseDay\":\"2024-03-06\",\"courseDescription\":\"很爱很爱你\",\"courseEndTime\":\"09:30\",\"courseName\":\"测试课程\",\"courseNumber\":20,\"courseStartTime\":\"09:00\",\"courseType\":\"测试\",\"params\":{},\"placeId\":1,\"teacherId\":1,\"timeEndId\":2,\"timeStartId\":1}',NULL,1,'Required request body is missing: public com.yizhanshi.common.core.domain.R<java.lang.Boolean> com.yizhanshi.place.controller.PlaceApplyController.timeConflictByPlace(com.yizhanshi.place.api.domain.PlaceApply,java.lang.String)','2024-03-06 11:20:40',68426),(187,'课程管理',1,'com.yizhanshi.course.controller.CourseController.addCourse()','POST',1,'何嘉乐',NULL,'/courseInfo','127.0.0.1','','{\"chooseStatus\":\"0\",\"courseCheck\":\"1\",\"courseDay\":\"2024-03-06\",\"courseDescription\":\"很爱很爱你\",\"courseEndTime\":\"09:30\",\"courseName\":\"测试课程\",\"courseNumber\":20,\"courseStartTime\":\"09:00\",\"courseType\":\"测试\",\"createBy\":\"何嘉乐\",\"params\":{},\"placeId\":1,\"teacherId\":1,\"timeEndId\":2,\"timeStartId\":1}',NULL,1,'nested exception is org.apache.ibatis.exceptions.PersistenceException: \r\n### Error updating database.  Cause: java.lang.IllegalArgumentException: invalid comparison: java.util.Date and java.lang.String\r\n### The error may exist in file [D:\\hejialebishe\\YiZhanShi\\yizhanshi-modules\\yizhanshi-course\\target\\classes\\mapper\\course\\CourseMapper.xml]\r\n### The error may involve com.yizhanshi.course.mapper.CourseMapper.insertCourse\r\n### The error occurred while executing an update\r\n### Cause: java.lang.IllegalArgumentException: invalid comparison: java.util.Date and java.lang.String','2024-03-06 11:35:40',10278),(188,'课程管理',1,'com.yizhanshi.course.controller.CourseController.addCourse()','POST',1,'何嘉乐',NULL,'/courseInfo','127.0.0.1','','{\"chooseStatus\":\"0\",\"courseCheck\":\"1\",\"courseDay\":\"2024-03-06\",\"courseDescription\":\"很爱很爱你\",\"courseEndTime\":\"09:30\",\"courseName\":\"测试课程\",\"courseNumber\":20,\"courseStartTime\":\"09:00\",\"courseType\":\"测试\",\"params\":{},\"placeId\":1,\"teacherId\":1,\"timeEndId\":2,\"timeStartId\":1}',NULL,1,'调用场地服务失败:Read timed out executing POST http://yizhanshi-place/placeApply/timeConflictByPlace','2024-03-06 11:44:04',44574),(189,'课程管理',1,'com.yizhanshi.course.controller.CourseController.addCourse()','POST',1,'何嘉乐',NULL,'/courseInfo','127.0.0.1','','{\"chooseStatus\":\"0\",\"courseCheck\":\"1\",\"courseDay\":\"2024-03-06\",\"courseDescription\":\"很爱很爱你\",\"courseEndTime\":\"09:30\",\"courseName\":\"测试课程\",\"courseNumber\":20,\"courseStartTime\":\"09:00\",\"courseType\":\"测试\",\"createBy\":\"何嘉乐\",\"params\":{},\"placeId\":1,\"teacherId\":1,\"timeEndId\":2,\"timeStartId\":1}',NULL,1,'nested exception is org.apache.ibatis.exceptions.PersistenceException: \r\n### Error updating database.  Cause: java.lang.IllegalArgumentException: invalid comparison: java.util.Date and java.lang.String\r\n### The error may exist in file [D:\\hejialebishe\\YiZhanShi\\yizhanshi-modules\\yizhanshi-course\\target\\classes\\mapper\\course\\CourseMapper.xml]\r\n### The error may involve com.yizhanshi.course.mapper.CourseMapper.insertCourse\r\n### The error occurred while executing an update\r\n### Cause: java.lang.IllegalArgumentException: invalid comparison: java.util.Date and java.lang.String','2024-03-06 11:44:07',2754),(190,'课程管理',1,'com.yizhanshi.course.controller.CourseController.addCourse()','POST',1,'何嘉乐',NULL,'/courseInfo','127.0.0.1','','{\"chooseStatus\":\"0\",\"courseCheck\":\"1\",\"courseDay\":\"2024-03-06\",\"courseDescription\":\"很爱很爱你\",\"courseEndTime\":\"09:30\",\"courseName\":\"测试课程\",\"courseNumber\":20,\"courseStartTime\":\"09:00\",\"courseType\":\"测试\",\"createBy\":\"何嘉乐\",\"params\":{},\"placeId\":1,\"teacherId\":1,\"timeEndId\":2,\"timeStartId\":1}',NULL,1,'nested exception is org.apache.ibatis.exceptions.PersistenceException: \r\n### Error updating database.  Cause: java.lang.IllegalArgumentException: invalid comparison: java.util.Date and java.lang.String\r\n### The error may exist in file [D:\\hejialebishe\\YiZhanShi\\yizhanshi-modules\\yizhanshi-course\\target\\classes\\mapper\\course\\CourseMapper.xml]\r\n### The error may involve com.yizhanshi.course.mapper.CourseMapper.insertCourse\r\n### The error occurred while executing an update\r\n### Cause: java.lang.IllegalArgumentException: invalid comparison: java.util.Date and java.lang.String','2024-03-06 11:46:58',14769),(191,'课程管理',1,'com.yizhanshi.course.controller.CourseController.addCourse()','POST',1,'何嘉乐',NULL,'/courseInfo','127.0.0.1','','{\"chooseStatus\":\"0\",\"courseCheck\":\"1\",\"courseDay\":\"2024-03-06\",\"courseDescription\":\"很爱很爱你\",\"courseEndTime\":\"09:30\",\"courseName\":\"测试课程\",\"courseNumber\":20,\"courseStartTime\":\"09:00\",\"courseType\":\"测试\",\"createBy\":\"何嘉乐\",\"params\":{},\"placeId\":1,\"teacherId\":1,\"timeEndId\":2,\"timeStartId\":1}',NULL,1,'\r\n### Error updating database.  Cause: java.sql.SQLSyntaxErrorException: Column \'choose_status\' specified twice\r\n### The error may exist in file [D:\\hejialebishe\\YiZhanShi\\yizhanshi-modules\\yizhanshi-course\\target\\classes\\mapper\\course\\CourseMapper.xml]\r\n### The error may involve com.yizhanshi.course.mapper.CourseMapper.insertCourse-Inline\r\n### The error occurred while setting parameters\r\n### SQL: insert into business_course (                    course_name,           course_description,           course_type,           teacher_id,          course_day,          time_start_id,           time_end_id,           course_start_time,           course_end_time,           place_id,           course_number,           choose_status,           course_check,           choose_status,                     create_by,                    create_time         )values(                    ?,           ?,           ?,           ?,          ?,          ?,           ?,           ?,           ?,           ?,           ?,           ?,           ?,           ?,                     ?,                    sysdate()         )\r\n### Cause: java.sql.SQLSyntaxErrorException: Column \'choose_status\' specified twice\n; bad SQL grammar []; nested exception is java.sql.SQLSyntaxErrorException: Column \'choose_status\' specified twice','2024-03-06 11:49:09',2677),(192,'课程管理',1,'com.yizhanshi.course.controller.CourseController.addCourse()','POST',1,'何嘉乐',NULL,'/courseInfo','127.0.0.1','','{\"chooseStatus\":\"0\",\"courseCheck\":\"1\",\"courseDay\":\"2024-03-06\",\"courseDescription\":\"很爱很爱你\",\"courseEndTime\":\"09:30\",\"courseId\":3,\"courseName\":\"测试课程\",\"courseNumber\":20,\"courseStartTime\":\"09:00\",\"courseType\":\"测试\",\"createBy\":\"何嘉乐\",\"params\":{},\"placeId\":1,\"teacherId\":1,\"timeEndId\":2,\"timeStartId\":1}','{\"msg\":\"操作成功\",\"code\":200}',0,NULL,'2024-03-06 15:28:09',3389),(193,'课程管理',2,'com.yizhanshi.course.controller.CourseController.editCourse()','PUT',1,'何嘉乐',NULL,'/courseInfo','127.0.0.1','','{\"chooseStatus\":\"0\",\"courseCheck\":\"1\",\"courseDay\":\"2024-03-05\",\"courseDescription\":\"很爱很爱你\",\"courseEndTime\":\"09:30\",\"courseId\":3,\"courseName\":\"测试课程\",\"courseNumber\":20,\"courseStartTime\":\"09:00\",\"courseType\":\"测试\",\"params\":{},\"placeId\":1,\"teacherId\":1,\"timeEndId\":2,\"timeStartId\":1,\"updateBy\":\"何嘉乐\"}',NULL,1,'nested exception is org.apache.ibatis.exceptions.PersistenceException: \r\n### Error updating database.  Cause: java.lang.IllegalArgumentException: invalid comparison: java.util.Date and java.lang.String\r\n### The error may exist in file [D:\\hejialebishe\\YiZhanShi\\yizhanshi-modules\\yizhanshi-course\\target\\classes\\mapper\\course\\CourseMapper.xml]\r\n### The error may involve com.yizhanshi.course.mapper.CourseMapper.updateCourse\r\n### The error occurred while executing an update\r\n### Cause: java.lang.IllegalArgumentException: invalid comparison: java.util.Date and java.lang.String','2024-03-06 15:30:05',7),(194,'课程管理',2,'com.yizhanshi.course.controller.CourseController.editCourse()','PUT',1,'何嘉乐',NULL,'/courseInfo','127.0.0.1','','{\"chooseStatus\":\"0\",\"courseCheck\":\"1\",\"courseDay\":\"2024-03-05\",\"courseDescription\":\"很爱很爱你\",\"courseEndTime\":\"09:30\",\"courseId\":3,\"courseName\":\"测试课程\",\"courseNumber\":20,\"courseStartTime\":\"09:00\",\"courseType\":\"测试\",\"params\":{},\"placeId\":1,\"teacherId\":1,\"timeEndId\":2,\"timeStartId\":1}','{\"msg\":\"时间冲突!请查看当天课程信息后修改时间\",\"code\":500}',0,NULL,'2024-03-06 15:31:56',162),(195,'课程管理',2,'com.yizhanshi.course.controller.CourseController.editCourse()','PUT',1,'何嘉乐',NULL,'/courseInfo','127.0.0.1','','{\"chooseStatus\":\"0\",\"courseCheck\":\"1\",\"courseDay\":\"2024-03-05\",\"courseDescription\":\"很爱很爱你\",\"courseEndTime\":\"10:30\",\"courseId\":3,\"courseName\":\"测试课程\",\"courseNumber\":20,\"courseStartTime\":\"09:30\",\"courseType\":\"测试\",\"params\":{},\"placeId\":1,\"teacherId\":1,\"timeEndId\":3,\"timeStartId\":2,\"updateBy\":\"何嘉乐\"}',NULL,1,'nested exception is org.apache.ibatis.exceptions.PersistenceException: \r\n### Error updating database.  Cause: java.lang.IllegalArgumentException: invalid comparison: java.util.Date and java.lang.String\r\n### The error may exist in file [D:\\hejialebishe\\YiZhanShi\\yizhanshi-modules\\yizhanshi-course\\target\\classes\\mapper\\course\\CourseMapper.xml]\r\n### The error may involve com.yizhanshi.course.mapper.CourseMapper.updateCourse\r\n### The error occurred while executing an update\r\n### Cause: java.lang.IllegalArgumentException: invalid comparison: java.util.Date and java.lang.String','2024-03-06 15:33:31',111),(196,'课程管理',2,'com.yizhanshi.course.controller.CourseController.editCourse()','PUT',1,'何嘉乐',NULL,'/courseInfo','127.0.0.1','','{\"chooseStatus\":\"0\",\"courseCheck\":\"1\",\"courseDay\":\"2024-03-05\",\"courseDescription\":\"很爱很爱你\",\"courseEndTime\":\"10:30\",\"courseId\":3,\"courseName\":\"测试课程\",\"courseNumber\":20,\"courseStartTime\":\"09:30\",\"courseType\":\"测试\",\"params\":{},\"placeId\":1,\"teacherId\":1,\"timeEndId\":3,\"timeStartId\":2,\"updateBy\":\"何嘉乐\"}',NULL,1,'nested exception is org.apache.ibatis.exceptions.PersistenceException: \r\n### Error updating database.  Cause: java.lang.IllegalArgumentException: invalid comparison: java.util.Date and java.lang.String\r\n### The error may exist in file [D:\\hejialebishe\\YiZhanShi\\yizhanshi-modules\\yizhanshi-course\\target\\classes\\mapper\\course\\CourseMapper.xml]\r\n### The error may involve com.yizhanshi.course.mapper.CourseMapper.updateCourse\r\n### The error occurred while executing an update\r\n### Cause: java.lang.IllegalArgumentException: invalid comparison: java.util.Date and java.lang.String','2024-03-06 15:39:47',3115),(197,'课程管理',2,'com.yizhanshi.course.controller.CourseController.editCourse()','PUT',1,'何嘉乐',NULL,'/courseInfo','127.0.0.1','','{\"chooseStatus\":\"0\",\"courseCheck\":\"1\",\"courseDay\":\"2024-03-05\",\"courseDescription\":\"很爱很爱你\",\"courseEndTime\":\"10:30\",\"courseId\":3,\"courseName\":\"测试课程\",\"courseNumber\":20,\"courseStartTime\":\"09:30\",\"courseType\":\"测试\",\"params\":{},\"placeId\":1,\"teacherId\":1,\"timeEndId\":3,\"timeStartId\":2,\"updateBy\":\"何嘉乐\"}','{\"msg\":\"操作成功\",\"code\":200}',0,NULL,'2024-03-06 15:52:46',457),(198,'课程管理',3,'com.yizhanshi.course.controller.CourseController.removeCourse()','DELETE',1,'何嘉乐',NULL,'/courseInfo/1','127.0.0.1','','{}','{\"msg\":\"存在课程申请记录不可删除\",\"code\":500}',0,NULL,'2024-03-06 16:19:24',18),(199,'课程申请管理',5,'com.yizhanshi.course.controller.CourseApplyController.export()','POST',1,'何嘉乐',NULL,'/courseApply/export','127.0.0.1','','{\"params\":{},\"status\":\"\",\"userStudentid\":\"\"}',NULL,0,NULL,'2024-03-06 18:58:11',1179),(200,'课程申请管理',5,'com.yizhanshi.course.controller.CourseApplyController.export()','POST',1,'何嘉乐',NULL,'/courseApply/export','127.0.0.1','','{\"params\":{},\"status\":\"\",\"userStudentid\":\"\"}',NULL,0,NULL,'2024-03-07 11:07:54',1224),(201,'课程申请管理',5,'com.yizhanshi.course.controller.CourseApplyController.export()','POST',1,'何嘉乐',NULL,'/courseApply/export','127.0.0.1','','{\"params\":{},\"status\":\"\",\"userStudentid\":\"\"}',NULL,0,NULL,'2024-03-07 11:13:43',1008),(202,'课程申请管理',5,'com.yizhanshi.course.controller.CourseApplyController.export()','POST',1,'何嘉乐',NULL,'/courseApply/export','127.0.0.1','','{\"params\":{},\"status\":\"\",\"userStudentid\":\"\"}',NULL,0,NULL,'2024-03-07 11:18:23',71),(203,'课程申请管理',5,'com.yizhanshi.course.controller.CourseApplyController.export()','POST',1,'何嘉乐',NULL,'/courseApply/export','127.0.0.1','','{\"params\":{},\"status\":\"\",\"userStudentid\":\"\"}',NULL,0,NULL,'2024-03-07 11:34:17',961),(204,'课程申请管理',1,'com.yizhanshi.course.controller.CourseApplyController.addCourseApply()','POST',1,'何嘉乐',NULL,'/courseApply','127.0.0.1','','{\"applyId\":3,\"applyName\":\"何嘉乐\",\"courseId\":1,\"createBy\":\"何嘉乐\",\"params\":{},\"userStudentid\":\"2020014588\"}','{\"msg\":\"操作成功\",\"code\":200}',0,NULL,'2024-03-07 11:38:52',32),(205,'课程申请管理',1,'com.yizhanshi.course.controller.CourseApplyController.addCourseApply()','POST',1,'何嘉乐',NULL,'/courseApply','127.0.0.1','','{\"applyId\":4,\"applyName\":\"何嘉乐\",\"courseId\":1,\"createBy\":\"何嘉乐\",\"params\":{},\"userStudentid\":\"2020014588\"}','{\"msg\":\"操作成功\",\"code\":200}',0,NULL,'2024-03-07 11:44:10',202490),(206,'课程申请管理',1,'com.yizhanshi.course.controller.CourseApplyController.addCourseApply()','POST',1,'何嘉乐',NULL,'/courseApply','127.0.0.1','','{\"applyName\":\"何嘉乐\",\"courseId\":1,\"params\":{},\"userStudentid\":\"2020014588\"}','{\"msg\":\"选课失败，已存在选课记录\",\"code\":500}',0,NULL,'2024-03-07 12:28:57',180),(207,'课程申请管理',1,'com.yizhanshi.course.controller.CourseApplyController.addCourseApply()','POST',1,'何嘉乐',NULL,'/courseApply','127.0.0.1','','{\"applyId\":5,\"applyName\":\"何嘉乐\",\"courseId\":1,\"createBy\":\"何嘉乐\",\"params\":{},\"userStudentid\":\"2020014588\"}','{\"msg\":\"操作成功\",\"code\":200}',0,NULL,'2024-03-07 12:31:44',73),(208,'课程申请管理',1,'com.yizhanshi.course.controller.CourseApplyController.addCourseApply()','POST',1,'何嘉乐',NULL,'/courseApply','127.0.0.1','','{\"applyId\":6,\"applyName\":\"何嘉乐\",\"courseId\":1,\"createBy\":\"何嘉乐\",\"params\":{},\"recallStatus\":\"1\",\"status\":\"2\",\"userStudentid\":\"2020014588\"}','{\"msg\":\"操作成功\",\"code\":200}',0,NULL,'2024-03-07 12:39:05',9617),(209,'课程申请管理',2,'com.yizhanshi.course.controller.CourseApplyController.check1()','PUT',1,'何嘉乐',NULL,'/courseApply/check1','127.0.0.1','','{\"applyAdmin1\":\"2020014588\",\"applyAdmin1Name\":\"何嘉乐\",\"applyId\":2,\"params\":{},\"recallStatus\":\"1\",\"status\":\"2\",\"updateBy\":\"何嘉乐\"}','{\"msg\":\"操作成功\",\"code\":200}',0,NULL,'2024-03-07 12:48:29',15),(210,'信誉管理',1,'com.yizhanshi.system.controller.SysCreditController.addUserCredit()','POST',1,'何嘉乐',NULL,'/credit','127.0.0.1','','{\"createBy\":\"何嘉乐\",\"creditContent\":\"用户强行撤销课程申请\",\"creditId\":11,\"creditNumber\":-5,\"creditSource\":\"自己操作\",\"delFlag\":\"0\",\"params\":{},\"status\":\"0\",\"userStudentid\":\"2020014588\"}','{\"code\":200,\"data\":true}',0,NULL,'2024-03-07 13:54:58',72),(211,'老师管理',5,'com.yizhanshi.course.controller.TeacherController.export()','POST',1,'何嘉乐',NULL,'/teacher/export','127.0.0.1','','{\"params\":{},\"teacherAge\":0}',NULL,0,NULL,'2024-03-07 14:53:13',1039),(212,'老师管理',5,'com.yizhanshi.course.controller.TeacherController.export()','POST',1,'何嘉乐',NULL,'/teacher/export','127.0.0.1','','{\"params\":{},\"teacherAge\":0}',NULL,0,NULL,'2024-03-07 14:58:11',945),(213,'老师管理',1,'com.yizhanshi.course.controller.TeacherController.addTeacher()','POST',1,'何嘉乐',NULL,'/teacher','127.0.0.1','','{\"createBy\":\"何嘉乐\",\"params\":{},\"teacherAge\":28,\"teacherDescription\":\"很爱很爱你\",\"teacherEmail\":\"h.fmydkld@qq.com\",\"teacherName\":\"王老师\",\"teacherPhone\":\"19817206735\",\"teacherPicture\":\"http://dummyimage.com/400x400\",\"teacherQq\":\"123456\",\"teacherSex\":\"男\",\"teacherUserStudentid\":\"2020013456\",\"teacherWechat\":\"654321\"}',NULL,1,'nested exception is org.apache.ibatis.reflection.ReflectionException: There is no getter for property named \'teacher_email\' in \'class com.yizhanshi.course.api.domain.Teacher\'','2024-03-07 15:01:41',23),(214,'老师管理',1,'com.yizhanshi.course.controller.TeacherController.addTeacher()','POST',1,'何嘉乐',NULL,'/teacher','127.0.0.1','','{\"createBy\":\"何嘉乐\",\"params\":{},\"teacherAge\":28,\"teacherDescription\":\"很爱很爱你\",\"teacherEmail\":\"h.fmydkld@qq.com\",\"teacherName\":\"王老师\",\"teacherPhone\":\"19817206735\",\"teacherPicture\":\"http://dummyimage.com/400x400\",\"teacherQq\":\"123456\",\"teacherSex\":\"0\",\"teacherUserStudentid\":\"2020013456\",\"teacherWechat\":\"654321\"}',NULL,1,'nested exception is org.apache.ibatis.reflection.ReflectionException: There is no getter for property named \'teacher_email\' in \'class com.yizhanshi.course.api.domain.Teacher\'','2024-03-07 15:03:58',151),(215,'老师管理',2,'com.yizhanshi.course.controller.TeacherController.editTeacher()','PUT',1,'何嘉乐',NULL,'/teacher','127.0.0.1','','{\"params\":{},\"remark\":\"备注\",\"teacherAge\":28,\"teacherDescription\":\"很爱很爱你\",\"teacherEmail\":\"h.fmydkld@qq.com\",\"teacherId\":2,\"teacherName\":\"王老师\",\"teacherPhone\":\"19817206735\",\"teacherPicture\":\"http://dummyimage.com/400x400\",\"teacherQq\":\"123456\",\"teacherSex\":\"1\",\"teacherUserStudentid\":\"2020013456\",\"teacherWechat\":\"654321\",\"updateBy\":\"何嘉乐\"}','{\"msg\":\"操作失败\",\"code\":500}',0,NULL,'2024-03-07 15:06:08',158),(216,'老师管理',1,'com.yizhanshi.course.controller.TeacherController.addTeacher()','POST',1,'何嘉乐',NULL,'/teacher','127.0.0.1','','{\"createBy\":\"何嘉乐\",\"params\":{},\"remark\":\"备注\",\"teacherAge\":28,\"teacherDescription\":\"很爱很爱你\",\"teacherEmail\":\"h.fmydkld@qq.com\",\"teacherId\":2,\"teacherName\":\"王老师\",\"teacherPhone\":\"19817206735\",\"teacherPicture\":\"http://dummyimage.com/400x400\",\"teacherQq\":\"123456\",\"teacherSex\":\"0\",\"teacherUserStudentid\":\"2020013456\",\"teacherWechat\":\"654321\"}','{\"msg\":\"操作成功\",\"code\":200}',0,NULL,'2024-03-07 15:06:20',21),(217,'老师管理',2,'com.yizhanshi.course.controller.TeacherController.editTeacher()','PUT',1,'何嘉乐',NULL,'/teacher','127.0.0.1','','{\"params\":{},\"remark\":\"备注\",\"teacherAge\":28,\"teacherDescription\":\"很爱很爱你\",\"teacherEmail\":\"h.fmydkld@qq.com\",\"teacherId\":2,\"teacherName\":\"王老师\",\"teacherPhone\":\"19817206735\",\"teacherPicture\":\"http://dummyimage.com/400x400\",\"teacherQq\":\"123456\",\"teacherSex\":\"1\",\"teacherUserStudentid\":\"2020013456\",\"teacherWechat\":\"654321\",\"updateBy\":\"何嘉乐\"}','{\"msg\":\"操作成功\",\"code\":200}',0,NULL,'2024-03-07 15:07:13',11),(218,'老师管理',3,'com.yizhanshi.course.controller.TeacherController.removeTeacher()','DELETE',1,'何嘉乐',NULL,'/teacher/2','127.0.0.1','','{}','{\"msg\":\"操作成功\",\"code\":200}',0,NULL,'2024-03-07 15:08:03',10),(219,'场地申请管理',1,'com.yizhanshi.place.controller.PlaceApplyController.addPlaceApply()','POST',1,'何嘉乐',NULL,'/placeApply','127.0.0.1','','{\"applyContent\":\"测试\",\"applyDay\":\"2024-03-05\",\"applyEndTime\":\"09:30\",\"applyId\":5,\"applyName\":\"何嘉乐\",\"applyNumber\":15,\"applyStartTime\":\"09:00\",\"createBy\":\"何嘉乐\",\"instructorName\":\"\",\"instructorPhone\":\"18646369284\",\"instructorStudentid\":\"44\",\"params\":{},\"placeId\":1,\"reasonId\":1,\"timeEndId\":3,\"timeStartId\":2,\"userStudentid\":\"2020014759\"}','{\"msg\":\"操作成功\",\"code\":200}',0,NULL,'2024-03-07 15:12:06',527),(220,'场地申请管理',1,'com.yizhanshi.place.controller.PlaceApplyController.addPlaceApply()','POST',1,'何嘉乐',NULL,'/placeApply','127.0.0.1','','{\"applyContent\":\"测试\",\"applyDay\":\"2024-03-05\",\"applyEndTime\":\"10:00\",\"applyName\":\"何嘉乐\",\"applyNumber\":15,\"applyStartTime\":\"09:00\",\"instructorName\":\"\",\"instructorPhone\":\"18646369284\",\"instructorStudentid\":\"44\",\"params\":{},\"placeId\":1,\"reasonId\":1,\"timeEndId\":3,\"timeStartId\":1,\"userStudentid\":\"2020014759\"}','{\"msg\":\"时间冲突!请查看当天场地预约信息后修改时间\",\"code\":500}',0,NULL,'2024-03-07 15:12:33',11),(221,'场地申请管理',1,'com.yizhanshi.place.controller.PlaceApplyController.addPlaceApply()','POST',1,'何嘉乐',NULL,'/placeApply','127.0.0.1','','{\"applyContent\":\"测试\",\"applyDay\":\"2024-03-06\",\"applyEndTime\":\"10:00\",\"applyId\":6,\"applyName\":\"何嘉乐\",\"applyNumber\":15,\"applyStartTime\":\"09:00\",\"createBy\":\"何嘉乐\",\"instructorName\":\"\",\"instructorPhone\":\"18646369284\",\"instructorStudentid\":\"44\",\"params\":{},\"placeId\":1,\"reasonId\":1,\"timeEndId\":3,\"timeStartId\":1,\"userStudentid\":\"2020014759\"}','{\"msg\":\"操作成功\",\"code\":200}',0,NULL,'2024-03-07 15:15:51',33),(222,'课程管理',1,'com.yizhanshi.course.controller.CourseController.addCourse()','POST',1,'何嘉乐',NULL,'/courseInfo','127.0.0.1','','{\"chooseStatus\":\"0\",\"courseCheck\":\"1\",\"courseDay\":\"2024-03-06\",\"courseDescription\":\"很爱很爱你\",\"courseEndTime\":\"09:30\",\"courseId\":4,\"courseName\":\"测试课程\",\"courseNumber\":20,\"courseStartTime\":\"09:00\",\"courseType\":\"测试\",\"createBy\":\"何嘉乐\",\"params\":{},\"placeId\":1,\"teacherId\":1,\"timeEndId\":2,\"timeStartId\":1}','{\"msg\":\"操作成功\",\"code\":200}',0,NULL,'2024-03-07 15:16:23',106),(223,'场地申请管理',1,'com.yizhanshi.place.controller.PlaceApplyController.addPlaceApply()','POST',1,'何嘉乐',NULL,'/placeApply','127.0.0.1','','{\"applyContent\":\"测试\",\"applyDay\":\"2024-03-06\",\"applyEndTime\":\"10:00\",\"applyName\":\"何嘉乐\",\"applyNumber\":15,\"applyStartTime\":\"09:00\",\"instructorName\":\"\",\"instructorPhone\":\"18646369284\",\"instructorStudentid\":\"44\",\"params\":{},\"placeId\":1,\"reasonId\":1,\"timeEndId\":3,\"timeStartId\":1,\"userStudentid\":\"2020014759\"}','{\"msg\":\"时间冲突!请查看当天场地预约信息后修改时间\",\"code\":500}',0,NULL,'2024-03-07 15:21:02',203),(224,'场地申请管理',1,'com.yizhanshi.place.controller.PlaceApplyController.addPlaceApply()','POST',1,'何嘉乐',NULL,'/placeApply','127.0.0.1','','{\"applyContent\":\"测试\",\"applyDay\":\"2024-03-06\",\"applyEndTime\":\"10:00\",\"applyName\":\"何嘉乐\",\"applyNumber\":15,\"applyStartTime\":\"09:00\",\"instructorName\":\"\",\"instructorPhone\":\"18646369284\",\"instructorStudentid\":\"44\",\"params\":{},\"placeId\":1,\"reasonId\":1,\"timeEndId\":3,\"timeStartId\":1,\"userStudentid\":\"2020014759\"}',NULL,1,'调用课程服务失败:Read timed out executing POST http://yizhanshi-course/courseInfo/timeConflictByCourse','2024-03-07 15:24:55',130420),(225,'场地申请管理',1,'com.yizhanshi.place.controller.PlaceApplyController.addPlaceApply()','POST',1,'何嘉乐',NULL,'/placeApply','127.0.0.1','','{\"applyContent\":\"测试\",\"applyDay\":\"2024-03-06\",\"applyEndTime\":\"10:00\",\"applyName\":\"何嘉乐\",\"applyNumber\":15,\"applyStartTime\":\"09:00\",\"instructorName\":\"\",\"instructorPhone\":\"18646369284\",\"instructorStudentid\":\"44\",\"params\":{},\"placeId\":1,\"reasonId\":1,\"timeEndId\":3,\"timeStartId\":1,\"userStudentid\":\"2020014759\"}',NULL,1,'时间冲突!请查看当天课程信息后修改时间','2024-03-07 15:27:00',15635),(226,'场地申请管理',2,'com.yizhanshi.place.controller.PlaceApplyController.check1()','PUT',1,'何嘉乐',NULL,'/placeApply/check1','127.0.0.1','','[{\"applyAdmin1\":\"2020014588\",\"applyAdmin1Name\":\"何嘉乐\",\"applyId\":3,\"applyNumber\":0,\"params\":{},\"reasonId\":1,\"recallStatus\":\"1\",\"status\":\"2\",\"updateBy\":\"何嘉乐\"},{\"applyAdmin1\":\"2020014588\",\"applyAdmin1Name\":\"何嘉乐\",\"applyId\":5,\"applyNumber\":0,\"params\":{},\"reasonId\":1,\"recallStatus\":\"1\",\"status\":\"2\",\"updateBy\":\"何嘉乐\"}]','{\"msg\":\"操作成功\",\"code\":200}',0,NULL,'2024-03-11 13:57:53',216),(227,'场地申请管理',2,'com.yizhanshi.place.controller.PlaceApplyController.check1()','PUT',1,'何嘉乐',NULL,'/placeApply/check1','127.0.0.1','','[{\"applyAdmin1\":\"2020014588\",\"applyAdmin1Name\":\"何嘉乐\",\"applyId\":3,\"applyNumber\":0,\"params\":{},\"reasonId\":1,\"recallStatus\":\"1\",\"status\":\"2\",\"updateBy\":\"何嘉乐\"},{\"applyAdmin1\":\"2020014588\",\"applyAdmin1Name\":\"何嘉乐\",\"applyId\":5,\"applyNumber\":0,\"params\":{},\"reasonId\":1,\"recallStatus\":\"1\",\"status\":\"2\",\"updateBy\":\"何嘉乐\"}]','{\"msg\":\"操作成功\",\"code\":200}',0,NULL,'2024-03-11 13:58:44',22),(228,'场地申请管理',2,'com.yizhanshi.place.controller.PlaceApplyController.check1()','PUT',1,'何嘉乐',NULL,'/placeApply/check1','127.0.0.1','','[{\"applyAdmin1\":\"2020014588\",\"applyAdmin1Name\":\"何嘉乐\",\"applyId\":3,\"applyNumber\":0,\"params\":{},\"reasonId\":1,\"recallStatus\":\"1\",\"status\":\"2\",\"updateBy\":\"何嘉乐\"},{\"applyAdmin1\":\"2020014588\",\"applyAdmin1Name\":\"何嘉乐\",\"applyId\":5,\"applyNumber\":0,\"params\":{},\"reasonId\":1,\"recallStatus\":\"1\",\"status\":\"2\",\"updateBy\":\"何嘉乐\"}]','{\"msg\":\"操作成功\",\"code\":200}',0,NULL,'2024-03-11 13:59:15',24),(229,'场地申请管理',2,'com.yizhanshi.place.controller.PlaceApplyController.check1()','PUT',1,'何嘉乐',NULL,'/placeApply/check1','127.0.0.1','','[{\"applyAdmin1\":\"2020014588\",\"applyAdmin1Name\":\"何嘉乐\",\"applyId\":3,\"applyNumber\":0,\"params\":{},\"reasonId\":1,\"recallStatus\":\"1\",\"status\":\"2\",\"updateBy\":\"何嘉乐\"},{\"applyAdmin1\":\"2020014588\",\"applyAdmin1Name\":\"何嘉乐\",\"applyId\":5,\"applyNumber\":0,\"params\":{},\"reasonId\":2,\"recallStatus\":\"1\",\"status\":\"1\",\"updateBy\":\"何嘉乐\"}]','{\"msg\":\"操作成功\",\"code\":200}',0,NULL,'2024-03-11 13:59:50',19),(230,'场地申请管理',2,'com.yizhanshi.place.controller.PlaceApplyController.check1()','PUT',1,'何嘉乐',NULL,'/placeApply/check1','127.0.0.1','','[{\"applyAdmin1\":\"2020014588\",\"applyAdmin1Name\":\"何嘉乐\",\"applyId\":3,\"applyNumber\":0,\"params\":{},\"reasonId\":1,\"recallStatus\":\"1\",\"status\":\"2\",\"updateBy\":\"何嘉乐\"},{\"applyAdmin1\":\"2020014588\",\"applyAdmin1Name\":\"何嘉乐\",\"applyId\":10,\"applyNumber\":0,\"params\":{},\"reasonId\":2,\"recallStatus\":\"1\",\"status\":\"1\",\"updateBy\":\"何嘉乐\"}]',NULL,1,'更新失败，事务回滚','2024-03-11 14:00:23',23),(231,'场地申请管理',2,'com.yizhanshi.place.controller.PlaceApplyController.check1()','PUT',1,'何嘉乐',NULL,'/placeApply/check1','127.0.0.1','','[{\"applyAdmin1\":\"2020014588\",\"applyAdmin1Name\":\"何嘉乐\",\"applyId\":3,\"applyNumber\":0,\"params\":{},\"reasonId\":1,\"recallStatus\":\"1\",\"status\":\"2\",\"updateBy\":\"何嘉乐\"},{\"applyAdmin1\":\"2020014588\",\"applyAdmin1Name\":\"何嘉乐\",\"applyId\":10,\"applyNumber\":0,\"params\":{},\"reasonId\":2,\"recallStatus\":\"1\",\"status\":\"1\",\"updateBy\":\"何嘉乐\"}]',NULL,1,'更新失败，事务回滚','2024-03-11 14:00:54',15),(232,'场地申请管理',2,'com.yizhanshi.place.controller.PlaceApplyController.check1()','PUT',1,'何嘉乐',NULL,'/placeApply/check1','127.0.0.1','','[{\"applyAdmin1\":\"2020014588\",\"applyAdmin1Name\":\"何嘉乐\",\"applyId\":3,\"applyNumber\":0,\"params\":{},\"reasonId\":1,\"recallStatus\":\"1\",\"status\":\"2\",\"updateBy\":\"何嘉乐\"},{\"applyAdmin1\":\"2020014588\",\"applyAdmin1Name\":\"何嘉乐\",\"applyId\":10,\"applyNumber\":0,\"params\":{},\"reasonId\":2,\"recallStatus\":\"1\",\"status\":\"1\",\"updateBy\":\"何嘉乐\"}]','{\"msg\":\"操作成功\",\"code\":200}',0,NULL,'2024-03-11 14:03:12',220),(233,'场地申请管理',3,'com.yizhanshi.place.controller.PlaceApplyController.removePlaceApply()','DELETE',1,'何嘉乐',NULL,'/placeApply/1,10','127.0.0.1','','{}','{\"msg\":\"操作成功\",\"code\":200}',0,NULL,'2024-03-11 14:08:09',17),(234,'场地申请管理',3,'com.yizhanshi.place.controller.PlaceApplyController.removePlaceApply()','DELETE',1,'何嘉乐',NULL,'/placeApply/1,10','127.0.0.1','','{}','{\"msg\":\"操作成功\",\"code\":200}',0,NULL,'2024-03-11 14:08:59',132),(235,'场地申请管理',3,'com.yizhanshi.place.controller.PlaceApplyController.removePlaceApply()','DELETE',1,'何嘉乐',NULL,'/placeApply/0,10','127.0.0.1','','{}','{\"msg\":\"操作失败\",\"code\":500}',0,NULL,'2024-03-11 14:11:03',7),(236,'场地申请管理',3,'com.yizhanshi.place.controller.PlaceApplyController.removePlaceApply()','DELETE',1,'何嘉乐',NULL,'/placeApply/1,10','127.0.0.1','','{}','{\"msg\":\"操作成功\",\"code\":200}',0,NULL,'2024-03-11 14:11:34',4),(237,'场地管理',5,'com.yizhanshi.place.controller.PlaceController.export()','POST',1,'何嘉乐',NULL,'/placeInfo/export','127.0.0.1','','{\"pageSize\":\"10\",\"isAsc\":\"desc\",\"pageNum\":\"1\"}',NULL,0,NULL,'2024-03-19 12:25:19',1196),(238,'场地预约管理',2,'com.yizhanshi.place.controller.PlaceApplyController.editPlaceApply()','PUT',1,'何嘉乐',NULL,'/placeApply','127.0.0.1','','{\"applyContent\":\"好好好\",\"applyId\":1,\"applyName\":\"何嘉乐2号\",\"applyNumber\":0,\"params\":{},\"reasonId\":1,\"remark\":\"哈哈\",\"updateBy\":\"何嘉乐\",\"userStudentid\":\"2020014100\"}','{\"msg\":\"操作成功\",\"code\":200}',0,NULL,'2024-03-19 16:11:21',379),(239,'场地预约管理',3,'com.yizhanshi.place.controller.PlaceApplyController.removePlaceApply()','DELETE',1,'何嘉乐',NULL,'/placeApply/1,10','127.0.0.1','','{}',NULL,1,'\r\n### Error updating database.  Cause: java.sql.SQLSyntaxErrorException: You have an error in your SQL syntax; check the manual that corresponds to your MySQL server version for the right syntax to use near \'\' at line 1\r\n### The error may exist in file [D:\\hejialebishe\\YiZhanShi\\yizhanshi-modules\\yizhanshi-place\\target\\classes\\mapper\\place\\PlaceApplyTimeMapper.xml]\r\n### The error may involve defaultParameterMap\r\n### The error occurred while setting parameters\r\n### SQL: update business_place_apply_time set del_flag = \'2\' where apply_time_id in\r\n### Cause: java.sql.SQLSyntaxErrorException: You have an error in your SQL syntax; check the manual that corresponds to your MySQL server version for the right syntax to use near \'\' at line 1\n; bad SQL grammar []; nested exception is java.sql.SQLSyntaxErrorException: You have an error in your SQL syntax; check the manual that corresponds to your MySQL server version for the right syntax to use near \'\' at line 1','2024-03-19 16:16:16',163),(240,'场地预约管理',3,'com.yizhanshi.place.controller.PlaceApplyController.removePlaceApply()','DELETE',1,'何嘉乐',NULL,'/placeApply/1','127.0.0.1','','{}','{\"msg\":\"操作成功\",\"code\":200}',0,NULL,'2024-03-19 16:19:11',22),(241,'场地预约管理',5,'com.yizhanshi.place.controller.PlaceApplyController.export()','POST',1,'何嘉乐',NULL,'/placeApply/export','127.0.0.1','','{\"applyNumber\":0,\"params\":{}}',NULL,0,NULL,'2024-03-19 16:22:27',1160),(242,'场地预约管理',5,'com.yizhanshi.place.controller.PlaceApplyController.export()','POST',1,'何嘉乐',NULL,'/placeApply/export','127.0.0.1','','{\"applyNumber\":0,\"params\":{}}',NULL,0,NULL,'2024-03-19 16:29:00',1438),(243,'场地预约管理',5,'com.yizhanshi.place.controller.PlaceApplyController.export()','POST',1,'何嘉乐',NULL,'/placeApply/export','127.0.0.1','','{\"applyNumber\":0,\"params\":{}}',NULL,0,NULL,'2024-03-19 16:31:16',1365),(244,'场地预约管理',5,'com.yizhanshi.place.controller.PlaceApplyController.export()','POST',1,'何嘉乐',NULL,'/placeApply/export','127.0.0.1','','{\"applyNumber\":0,\"params\":{}}',NULL,0,NULL,'2024-03-19 16:37:42',1303),(245,'场地预约管理',1,'com.yizhanshi.place.controller.PlaceApplyController.addPlaceApply()','POST',1,'何嘉乐',NULL,'/placeApply','127.0.0.1','','{\"applyName\":\"何嘉乐\",\"applyNumber\":98,\"applyOrganization\":\"do Duis exercitation\",\"instructorName\":\"界受克看线每\",\"instructorPhone\":\"19854368205\",\"instructorStudentid\":\"50\",\"params\":{},\"reasonId\":1,\"userStudentid\":\"2020014588\"}',NULL,1,'','2024-03-19 16:51:02',106),(246,'场地预约管理',1,'com.yizhanshi.place.controller.PlaceApplyController.addPlaceApply()','POST',1,'何嘉乐',NULL,'/placeApply','127.0.0.1','','{\"applyName\":\"何嘉乐\",\"applyNumber\":98,\"applyOrganization\":\"do Duis exercitation\",\"instructorName\":\"界受克看线每\",\"instructorPhone\":\"19854368205\",\"instructorStudentid\":\"50\",\"params\":{},\"reasonId\":1,\"userStudentid\":\"2020014588\"}',NULL,1,'','2024-03-19 16:52:44',34924),(247,'场地预约管理',1,'com.yizhanshi.place.controller.PlaceApplyController.addPlaceApply()','POST',1,'何嘉乐',NULL,'/placeApply','127.0.0.1','','{\"applyId\":7,\"applyName\":\"何嘉乐\",\"applyNumber\":98,\"applyOrganization\":\"do Duis exercitation\",\"createBy\":\"何嘉乐\",\"instructorName\":\"界受克看线每\",\"instructorPhone\":\"19854368205\",\"instructorStudentid\":\"50\",\"params\":{},\"placeApplyTimes\":[{\"applyDay\":\"2024-03-20\",\"applyEndTime\":\"09:30\",\"applyStartTime\":\"09:00\",\"params\":{},\"placeId\":1,\"timeEndId\":2,\"timeStartId\":1},{\"applyDay\":\"2024-03-20\",\"applyEndTime\":\"10:30\",\"applyStartTime\":\"10:00\",\"params\":{},\"placeId\":1,\"timeEndId\":4,\"timeStartId\":3}],\"reasonId\":1,\"userStudentid\":\"2020014588\"}',NULL,1,'\r\n### Error updating database.  Cause: java.sql.SQLSyntaxErrorException: Unknown column \'apply_day\' in \'field list\'\r\n### The error may exist in file [D:\\hejialebishe\\YiZhanShi\\yizhanshi-modules\\yizhanshi-place\\target\\classes\\mapper\\place\\PlaceApplyTimeMapper.xml]\r\n### The error may involve com.yizhanshi.place.mapper.PlaceApplyTimeMapper.insertPlaceApplyTime-Inline\r\n### The error occurred while setting parameters\r\n### SQL: insert into business_place_apply(                           apply_day,              time_start_id,               time_end_id,               apply_start_time,               apply_end_time,                                                        create_time         )values(                   ?,          ?,           ?,           ?,           ?,                                        sysdate()         )\r\n### Cause: java.sql.SQLSyntaxErrorException: Unknown column \'apply_day\' in \'field list\'\n; bad SQL grammar []; nested exception is java.sql.SQLSyntaxErrorException: Unknown column \'apply_day\' in \'field list\'','2024-03-19 16:53:50',49893),(248,'场地预约管理',1,'com.yizhanshi.place.controller.PlaceApplyController.addPlaceApply()','POST',1,'何嘉乐',NULL,'/placeApply','127.0.0.1','','{\"applyId\":8,\"applyName\":\"何嘉乐\",\"applyNumber\":98,\"applyOrganization\":\"do Duis exercitation\",\"createBy\":\"何嘉乐\",\"instructorName\":\"界受克看线每\",\"instructorPhone\":\"19854368205\",\"instructorStudentid\":\"50\",\"params\":{},\"placeApplyTimes\":[{\"applyDay\":\"2024-03-20\",\"applyEndTime\":\"09:30\",\"applyStartTime\":\"09:00\",\"params\":{},\"placeId\":1,\"timeEndId\":2,\"timeStartId\":1},{\"applyDay\":\"2024-03-20\",\"applyEndTime\":\"10:30\",\"applyStartTime\":\"10:00\",\"params\":{},\"placeId\":1,\"timeEndId\":4,\"timeStartId\":3}],\"reasonId\":1,\"userStudentid\":\"2020014588\"}',NULL,1,'nested exception is org.apache.ibatis.builder.BuilderException: Error evaluating expression \'timeEndId != null and timeEndId !=0\'\'. Cause: org.apache.ibatis.ognl.ExpressionSyntaxException: Malformed OGNL expression: timeEndId != null and timeEndId !=0\' [org.apache.ibatis.ognl.TokenMgrError: Lexical error at line 1, column 37.  Encountered: <EOF> after : \"\"]','2024-03-19 16:58:14',4999),(249,'场地预约管理',1,'com.yizhanshi.place.controller.PlaceApplyController.addPlaceApply()','POST',1,'何嘉乐',NULL,'/placeApply','127.0.0.1','','{\"applyId\":9,\"applyName\":\"何嘉乐\",\"applyNumber\":98,\"applyOrganization\":\"do Duis exercitation\",\"createBy\":\"何嘉乐\",\"instructorName\":\"界受克看线每\",\"instructorPhone\":\"19854368205\",\"instructorStudentid\":\"50\",\"params\":{},\"placeApplyTimes\":[{\"applyDay\":\"2024-03-20\",\"applyEndTime\":\"09:30\",\"applyStartTime\":\"09:00\",\"params\":{},\"placeId\":1,\"timeEndId\":2,\"timeStartId\":1},{\"applyDay\":\"2024-03-20\",\"applyEndTime\":\"10:30\",\"applyStartTime\":\"10:00\",\"params\":{},\"placeId\":1,\"timeEndId\":4,\"timeStartId\":3}],\"reasonId\":1,\"userStudentid\":\"2020014588\"}',NULL,1,'nested exception is org.apache.ibatis.builder.BuilderException: Error evaluating expression \'timeEndId != null and timeEndId !=0\'\'. Cause: org.apache.ibatis.ognl.ExpressionSyntaxException: Malformed OGNL expression: timeEndId != null and timeEndId !=0\' [org.apache.ibatis.ognl.TokenMgrError: Lexical error at line 1, column 37.  Encountered: <EOF> after : \"\"]','2024-03-19 16:59:16',3049),(250,'场地预约管理',1,'com.yizhanshi.place.controller.PlaceApplyController.addPlaceApply()','POST',1,'何嘉乐',NULL,'/placeApply','127.0.0.1','','{\"applyId\":10,\"applyName\":\"何嘉乐\",\"applyNumber\":98,\"applyOrganization\":\"do Duis exercitation\",\"createBy\":\"何嘉乐\",\"instructorName\":\"界受克看线每\",\"instructorPhone\":\"19854368205\",\"instructorStudentid\":\"50\",\"params\":{},\"placeApplyTimes\":[{\"applyDay\":\"2024-03-20\",\"applyEndTime\":\"09:30\",\"applyStartTime\":\"09:00\",\"params\":{},\"placeId\":1,\"timeEndId\":2,\"timeStartId\":1},{\"applyDay\":\"2024-03-20\",\"applyEndTime\":\"10:30\",\"applyStartTime\":\"10:00\",\"params\":{},\"placeId\":1,\"timeEndId\":4,\"timeStartId\":3}],\"reasonId\":1,\"userStudentid\":\"2020014588\"}',NULL,1,'\r\n### Error updating database.  Cause: java.sql.SQLSyntaxErrorException: Unknown column \'apply_day\' in \'field list\'\r\n### The error may exist in file [D:\\hejialebishe\\YiZhanShi\\yizhanshi-modules\\yizhanshi-place\\target\\classes\\mapper\\place\\PlaceApplyTimeMapper.xml]\r\n### The error may involve com.yizhanshi.place.mapper.PlaceApplyTimeMapper.insertPlaceApplyTime-Inline\r\n### The error occurred while setting parameters\r\n### SQL: insert into business_place_apply(                           apply_day,              place_id,               time_start_id,               time_end_id,               apply_start_time,               apply_end_time,                                                        create_time         )values(                   ?,          ?,           ?,           ?,           ?,           ?,                                        sysdate()         )\r\n### Cause: java.sql.SQLSyntaxErrorException: Unknown column \'apply_day\' in \'field list\'\n; bad SQL grammar []; nested exception is java.sql.SQLSyntaxErrorException: Unknown column \'apply_day\' in \'field list\'','2024-03-19 17:01:22',2788),(251,'场地预约管理',1,'com.yizhanshi.place.controller.PlaceApplyController.addPlaceApply()','POST',1,'何嘉乐',NULL,'/placeApply','127.0.0.1','','{\"applyId\":11,\"applyName\":\"何嘉乐\",\"applyNumber\":98,\"applyOrganization\":\"do Duis exercitation\",\"createBy\":\"何嘉乐\",\"instructorName\":\"界受克看线每\",\"instructorPhone\":\"19854368205\",\"instructorStudentid\":\"50\",\"params\":{},\"placeApplyTimes\":[{\"applyDay\":\"2024-03-20\",\"applyEndTime\":\"09:30\",\"applyStartTime\":\"09:00\",\"applyTimeId\":6,\"params\":{},\"placeId\":1,\"timeEndId\":2,\"timeStartId\":1},{\"applyDay\":\"2024-03-20\",\"applyEndTime\":\"10:30\",\"applyStartTime\":\"10:00\",\"params\":{},\"placeId\":1,\"timeEndId\":4,\"timeStartId\":3}],\"reasonId\":1,\"userStudentid\":\"2020014588\"}',NULL,1,'nested exception is org.apache.ibatis.reflection.ReflectionException: There is no getter for property named \'applyTimeIds\' in \'class com.yizhanshi.place.domain.PlaceApplyTimeRelated\'','2024-03-19 17:02:53',2864),(252,'场地预约管理',1,'com.yizhanshi.place.controller.PlaceApplyController.addPlaceApply()','POST',1,'何嘉乐',NULL,'/placeApply','127.0.0.1','','{\"applyId\":12,\"applyName\":\"何嘉乐\",\"applyNumber\":98,\"applyOrganization\":\"do Duis exercitation\",\"createBy\":\"何嘉乐\",\"instructorName\":\"界受克看线每\",\"instructorPhone\":\"19854368205\",\"instructorStudentid\":\"50\",\"params\":{},\"placeApplyTimes\":[{\"applyDay\":\"2024-03-20\",\"applyEndTime\":\"09:30\",\"applyStartTime\":\"09:00\",\"applyTimeId\":7,\"params\":{},\"placeId\":1,\"timeEndId\":2,\"timeStartId\":1},{\"applyDay\":\"2024-03-20\",\"applyEndTime\":\"10:30\",\"applyStartTime\":\"10:00\",\"params\":{},\"placeId\":1,\"timeEndId\":4,\"timeStartId\":3}],\"reasonId\":1,\"userStudentid\":\"2020014588\"}',NULL,1,'nested exception is org.apache.ibatis.reflection.ReflectionException: There is no getter for property named \'list\' in \'class com.yizhanshi.place.domain.PlaceApplyTimeRelated\'','2024-03-19 17:05:59',566),(253,'场地预约管理',1,'com.yizhanshi.place.controller.PlaceApplyController.addPlaceApply()','POST',1,'何嘉乐',NULL,'/placeApply','127.0.0.1','','{\"applyId\":13,\"applyName\":\"何嘉乐\",\"applyNumber\":98,\"applyOrganization\":\"do Duis exercitation\",\"createBy\":\"何嘉乐\",\"instructorName\":\"界受克看线每\",\"instructorPhone\":\"19854368205\",\"instructorStudentid\":\"50\",\"params\":{},\"placeApplyTimes\":[{\"applyDay\":\"2024-03-20\",\"applyEndTime\":\"09:30\",\"applyStartTime\":\"09:00\",\"applyTimeId\":8,\"params\":{},\"placeId\":1,\"timeEndId\":2,\"timeStartId\":1},{\"applyDay\":\"2024-03-20\",\"applyEndTime\":\"10:30\",\"applyStartTime\":\"10:00\",\"params\":{},\"placeId\":1,\"timeEndId\":4,\"timeStartId\":3}],\"reasonId\":1,\"userStudentid\":\"2020014588\"}',NULL,1,'nested exception is org.apache.ibatis.reflection.ReflectionException: There is no getter for property named \'placeApplyTimeRelated\' in \'class com.yizhanshi.place.domain.PlaceApplyTimeRelated\'','2024-03-19 17:08:48',724),(254,'场地预约管理',2,'com.yizhanshi.place.controller.PlaceApplyController.check1()','PUT',1,'何嘉乐',NULL,'/placeApply/check1','127.0.0.1','','[{\"applyAdmin1\":\"2020014588\",\"applyAdmin1Name\":\"何嘉乐\",\"applyId\":3,\"applyNumber\":0,\"params\":{},\"reasonId\":1,\"recallStatus\":\"1\",\"status\":\"2\",\"updateBy\":\"何嘉乐\"},{\"applyAdmin1\":\"2020014588\",\"applyAdmin1Name\":\"何嘉乐\",\"applyId\":10,\"applyNumber\":0,\"params\":{},\"reasonId\":2,\"recallStatus\":\"1\",\"status\":\"1\",\"updateBy\":\"何嘉乐\"}]','{\"msg\":\"操作成功\",\"code\":200}',0,NULL,'2024-03-19 17:10:13',298),(255,'场地预约管理',1,'com.yizhanshi.place.controller.PlaceApplyController.addPlaceApply()','POST',1,'何嘉乐',NULL,'/placeApply','127.0.0.1','','{\"applyId\":14,\"applyName\":\"何嘉乐\",\"applyNumber\":98,\"applyOrganization\":\"do Duis exercitation\",\"createBy\":\"何嘉乐\",\"instructorName\":\"界受克看线每\",\"instructorPhone\":\"19854368205\",\"instructorStudentid\":\"50\",\"params\":{},\"placeApplyTimes\":[{\"applyDay\":\"2024-03-20\",\"applyEndTime\":\"09:30\",\"applyStartTime\":\"09:00\",\"applyTimeId\":9,\"params\":{},\"placeId\":1,\"timeEndId\":2,\"timeStartId\":1},{\"applyDay\":\"2024-03-20\",\"applyEndTime\":\"10:30\",\"applyStartTime\":\"10:00\",\"applyTimeId\":10,\"params\":{},\"placeId\":1,\"timeEndId\":4,\"timeStartId\":3}],\"reasonId\":1,\"userStudentid\":\"2020014588\"}','{\"msg\":\"操作成功\",\"code\":200}',0,NULL,'2024-03-19 17:11:23',157),(256,'场地预约管理',1,'com.yizhanshi.place.controller.PlaceApplyController.addPlaceApply()','POST',1,'何嘉乐',NULL,'/placeApply','127.0.0.1','','{\"applyId\":15,\"applyName\":\"何嘉乐\",\"applyNumber\":98,\"applyOrganization\":\"do Duis exercitation\",\"createBy\":\"何嘉乐\",\"instructorName\":\"界受克看线每2\",\"instructorPhone\":\"19854368205\",\"instructorStudentid\":\"50\",\"params\":{},\"placeApplyTimes\":[{\"applyDay\":\"2024-03-21\",\"applyEndTime\":\"09:30\",\"applyStartTime\":\"09:00\",\"applyTimeId\":11,\"params\":{},\"placeId\":1,\"timeEndId\":2,\"timeStartId\":1},{\"applyDay\":\"2024-03-22\",\"applyEndTime\":\"10:30\",\"applyStartTime\":\"10:00\",\"applyTimeId\":12,\"params\":{},\"placeId\":1,\"timeEndId\":4,\"timeStartId\":3}],\"reasonId\":1,\"userStudentid\":\"2020014588\"}','{\"msg\":\"操作成功\",\"code\":200}',0,NULL,'2024-03-19 17:12:50',57),(257,'课程管理',5,'com.yizhanshi.course.controller.CourseController.export()','POST',1,'何嘉乐',NULL,'/courseInfo/export','127.0.0.1','','{\"chooseNumber\":0,\"courseName\":\"\",\"courseNumber\":0,\"courseType\":\"\",\"params\":{},\"status\":\"0\",\"teacher\":{\"params\":{},\"teacherAge\":0,\"teacherName\":\"\",\"teacherStudentid\":\"\"}}',NULL,0,NULL,'2024-03-21 16:28:09',1246),(258,'课程管理',5,'com.yizhanshi.course.controller.CourseController.export()','POST',1,'何嘉乐',NULL,'/courseInfo/export','127.0.0.1','','{\"chooseNumber\":0,\"courseName\":\"\",\"courseNumber\":0,\"courseType\":\"\",\"params\":{},\"status\":\"0\",\"teacher\":{\"params\":{},\"teacherAge\":0,\"teacherName\":\"\",\"teacherStudentid\":\"\"}}',NULL,0,NULL,'2024-03-21 16:34:09',43099),(259,'课程管理',5,'com.yizhanshi.course.controller.CourseController.export()','POST',1,'何嘉乐',NULL,'/courseInfo/export','127.0.0.1','','{\"chooseNumber\":0,\"courseName\":\"\",\"courseNumber\":0,\"courseType\":\"\",\"params\":{},\"status\":\"0\",\"teacher\":{\"params\":{},\"teacherAge\":0,\"teacherName\":\"\",\"teacherStudentid\":\"\"}}',NULL,0,NULL,'2024-03-21 16:43:22',318159),(260,'课程管理',5,'com.yizhanshi.course.controller.CourseController.export()','POST',1,'何嘉乐',NULL,'/courseInfo/export','127.0.0.1','','{\"chooseNumber\":0,\"courseName\":\"\",\"courseNumber\":0,\"courseType\":\"\",\"params\":{},\"status\":\"0\",\"teacher\":{\"params\":{},\"teacherAge\":0,\"teacherName\":\"\",\"teacherStudentid\":\"\"}}',NULL,0,NULL,'2024-03-21 16:45:13',4918),(261,'课程管理',5,'com.yizhanshi.course.controller.CourseController.export()','POST',1,'何嘉乐',NULL,'/courseInfo/export','127.0.0.1','','{\"chooseNumber\":0,\"courseName\":\"\",\"courseNumber\":0,\"courseType\":\"\",\"params\":{},\"status\":\"0\",\"teacher\":{\"params\":{},\"teacherAge\":0,\"teacherName\":\"\",\"teacherStudentid\":\"\"}}',NULL,0,NULL,'2024-03-21 16:49:21',11275),(262,'课程管理',5,'com.yizhanshi.course.controller.CourseController.export()','POST',1,'何嘉乐',NULL,'/courseInfo/export','127.0.0.1','','{\"chooseNumber\":0,\"courseName\":\"\",\"courseNumber\":0,\"courseType\":\"\",\"params\":{},\"status\":\"0\",\"teacher\":{\"params\":{},\"teacherAge\":0,\"teacherName\":\"\",\"teacherStudentid\":\"\"}}',NULL,0,NULL,'2024-03-21 16:50:59',1130),(263,'课程管理',1,'com.yizhanshi.course.controller.CourseController.addCourse()','POST',1,'何嘉乐',NULL,'/courseInfo','127.0.0.1','','{\"chooseNumber\":0,\"chooseStatus\":\"0\",\"courseCheck\":\"1\",\"courseDescription\":\"amet\",\"courseName\":\"给象自线\",\"courseNumber\":16,\"courseType\":\"sint in\",\"params\":{},\"remark\":\"amet qui incididunt\",\"status\":\"0\",\"teacherId\":1}',NULL,1,'','2024-03-21 16:56:47',2),(264,'课程管理',1,'com.yizhanshi.course.controller.CourseController.addCourse()','POST',1,'何嘉乐',NULL,'/courseInfo','127.0.0.1','','{\"chooseNumber\":0,\"chooseStatus\":\"0\",\"courseCheck\":\"1\",\"courseDescription\":\"amet\",\"courseName\":\"给象自线\",\"courseNumber\":16,\"courseType\":\"sint in\",\"params\":{},\"remark\":\"amet qui incididunt\",\"status\":\"0\",\"teacherId\":1}',NULL,1,'时间不能为空','2024-03-21 17:00:06',67),(265,'课程管理',1,'com.yizhanshi.course.controller.CourseController.addCourse()','POST',1,'何嘉乐',NULL,'/courseInfo','127.0.0.1','','{\"chooseNumber\":0,\"chooseStatus\":\"0\",\"courseCheck\":\"1\",\"courseDescription\":\"amet\",\"courseName\":\"给象自线\",\"courseNumber\":16,\"courseTimes\":[{\"courseDay\":\"2024-03-18\",\"courseEndTime\":\"09:30\",\"courseStartTime\":\"09:00\",\"params\":{},\"placeId\":1,\"timeEndId\":2,\"timeStartId\":1}],\"courseType\":\"sint in\",\"params\":{},\"remark\":\"amet qui incididunt\",\"status\":\"0\",\"teacherId\":1}',NULL,1,'','2024-03-21 17:00:58',225),(266,'课程管理',1,'com.yizhanshi.course.controller.CourseController.addCourse()','POST',1,'何嘉乐',NULL,'/courseInfo','127.0.0.1','','{\"chooseNumber\":0,\"chooseStatus\":\"0\",\"courseCheck\":\"1\",\"courseDescription\":\"amet\",\"courseId\":5,\"courseName\":\"给象自线\",\"courseNumber\":16,\"courseTimes\":[{\"courseDay\":\"2024-03-18\",\"courseEndTime\":\"09:30\",\"courseStartTime\":\"09:00\",\"params\":{},\"placeId\":1,\"timeEndId\":2,\"timeStartId\":1}],\"courseType\":\"sint in\",\"createBy\":\"何嘉乐\",\"params\":{},\"remark\":\"amet qui incididunt\",\"status\":\"0\",\"teacherId\":1}','{\"msg\":\"操作成功\",\"code\":200}',0,NULL,'2024-03-21 17:02:58',2411),(267,'课程管理',1,'com.yizhanshi.course.controller.CourseController.addCourse()','POST',1,'何嘉乐',NULL,'/courseInfo','127.0.0.1','','{\"chooseNumber\":0,\"chooseStatus\":\"0\",\"courseCheck\":\"1\",\"courseDescription\":\"amet\",\"courseId\":6,\"courseName\":\"给象自线\",\"courseNumber\":16,\"courseTimes\":[{\"courseDay\":\"2024-03-18\",\"courseEndTime\":\"09:30\",\"courseStartTime\":\"09:00\",\"params\":{},\"placeId\":1,\"timeEndId\":2,\"timeStartId\":1}],\"courseType\":\"sint in\",\"createBy\":\"何嘉乐\",\"params\":{},\"remark\":\"amet qui incididunt\",\"status\":\"0\",\"teacherId\":1}',NULL,1,'nested exception is org.apache.ibatis.reflection.ReflectionException: There is no getter for property named \'applyDay\' in \'class com.yizhanshi.course.api.domain.CourseTime\'','2024-03-21 17:08:30',387),(268,'课程管理',1,'com.yizhanshi.course.controller.CourseController.addCourse()','POST',1,'何嘉乐',NULL,'/courseInfo','127.0.0.1','','{\"chooseNumber\":0,\"chooseStatus\":\"0\",\"courseCheck\":\"1\",\"courseDescription\":\"amet\",\"courseId\":7,\"courseName\":\"给象自线\",\"courseNumber\":16,\"courseTimes\":[{\"courseDay\":\"2024-03-18\",\"courseEndTime\":\"09:30\",\"courseStartTime\":\"09:00\",\"params\":{},\"placeId\":1,\"timeEndId\":2,\"timeStartId\":1}],\"courseType\":\"sint in\",\"createBy\":\"何嘉乐\",\"params\":{},\"remark\":\"amet qui incididunt\",\"status\":\"0\",\"teacherId\":1}',NULL,1,'\r\n### Error updating database.  Cause: java.sql.SQLSyntaxErrorException: Table \'yizhanshi-system.business_place_course_time\' doesn\'t exist\r\n### The error may exist in file [D:\\hejialebishe\\YiZhanShi\\yizhanshi-modules\\yizhanshi-course\\target\\classes\\mapper\\course\\CourseTimeMapper.xml]\r\n### The error may involve com.yizhanshi.course.mapper.CourseTimeMapper.insertCourseTime-Inline\r\n### The error occurred while setting parameters\r\n### SQL: insert into business_place_course_time(                   course_day,          place_id,           time_start_id,           time_end_id,           course_start_time,           course_end_time,                                        create_time         )values(                   ?,          ?,           ?,           ?,           ?,           ?,                                        sysdate()         )\r\n### Cause: java.sql.SQLSyntaxErrorException: Table \'yizhanshi-system.business_place_course_time\' doesn\'t exist\n; bad SQL grammar []; nested exception is java.sql.SQLSyntaxErrorException: Table \'yizhanshi-system.business_place_course_time\' doesn\'t exist','2024-03-21 17:10:13',614),(269,'课程管理',1,'com.yizhanshi.course.controller.CourseController.addCourse()','POST',1,'何嘉乐',NULL,'/courseInfo','127.0.0.1','','{\"chooseNumber\":0,\"chooseStatus\":\"0\",\"courseCheck\":\"1\",\"courseDescription\":\"amet\",\"courseId\":8,\"courseName\":\"给象自线\",\"courseNumber\":16,\"courseTimes\":[{\"courseDay\":\"2024-03-18\",\"courseEndTime\":\"09:30\",\"courseStartTime\":\"09:00\",\"courseTimeId\":6,\"params\":{},\"placeId\":1,\"timeEndId\":2,\"timeStartId\":1}],\"courseType\":\"sint in\",\"createBy\":\"何嘉乐\",\"params\":{},\"remark\":\"amet qui incididunt\",\"status\":\"0\",\"teacherId\":1}','{\"msg\":\"操作成功\",\"code\":200}',0,NULL,'2024-03-21 17:11:32',390),(270,'课程管理',2,'com.yizhanshi.course.controller.CourseController.editCourse()','PUT',1,'何嘉乐',NULL,'/courseInfo','127.0.0.1','','{\"chooseNumber\":0,\"courseDescription\":\"ullamco\",\"courseId\":1,\"courseName\":\"\",\"courseNumber\":0,\"courseType\":\"\",\"params\":{},\"remark\":\"exercitation eiusmod\",\"status\":\"0\",\"teacherId\":99,\"updateBy\":\"何嘉乐\"}','{\"msg\":\"操作成功\",\"code\":200}',0,NULL,'2024-03-21 17:12:37',33),(271,'课程管理',1,'com.yizhanshi.course.controller.CourseController.addCourse()','POST',1,'何嘉乐',NULL,'/courseInfo','127.0.0.1','','{\"chooseNumber\":0,\"chooseStatus\":\"0\",\"courseCheck\":\"1\",\"courseDescription\":\"amet\",\"courseName\":\"给象自线\",\"courseNumber\":17,\"courseTimes\":[{\"courseDay\":\"2024-03-23\",\"courseEndTime\":\"09:30\",\"courseStartTime\":\"09:00\",\"params\":{},\"placeId\":1,\"timeEndId\":2,\"timeStartId\":1}],\"courseType\":\"sint in\",\"params\":{},\"remark\":\"amet qui incididunt\",\"status\":\"0\",\"teacherId\":1}','{\"msg\":\"时间冲突!请查看当天课程信息后修改时间\",\"code\":500}',0,NULL,'2024-03-21 17:13:11',6),(272,'课程管理',3,'com.yizhanshi.course.controller.CourseController.removeCourse()','DELETE',1,'何嘉乐',NULL,'/courseInfo/8','127.0.0.1','','{}','{\"msg\":\"操作成功\",\"code\":200}',0,NULL,'2024-03-21 17:13:40',20),(273,'课程管理',3,'com.yizhanshi.course.controller.CourseController.removeCourse()','DELETE',1,'何嘉乐',NULL,'/courseInfo/8','127.0.0.1','','{}',NULL,1,'\r\n### Error updating database.  Cause: java.sql.SQLSyntaxErrorException: You have an error in your SQL syntax; check the manual that corresponds to your MySQL server version for the right syntax to use near \'\' at line 1\r\n### The error may exist in file [D:\\hejialebishe\\YiZhanShi\\yizhanshi-modules\\yizhanshi-course\\target\\classes\\mapper\\course\\CourseTimeMapper.xml]\r\n### The error may involve defaultParameterMap\r\n### The error occurred while setting parameters\r\n### SQL: update business_course_time set del_flag = \'2\' where course_time_id in\r\n### Cause: java.sql.SQLSyntaxErrorException: You have an error in your SQL syntax; check the manual that corresponds to your MySQL server version for the right syntax to use near \'\' at line 1\n; bad SQL grammar []; nested exception is java.sql.SQLSyntaxErrorException: You have an error in your SQL syntax; check the manual that corresponds to your MySQL server version for the right syntax to use near \'\' at line 1','2024-03-21 17:17:04',284),(274,'课程预约管理',5,'com.yizhanshi.course.controller.CourseApplyController.export()','POST',1,'何嘉乐',NULL,'/courseApply/export','127.0.0.1','','{\"params\":{},\"status\":\"\",\"userStudentid\":\"\"}',NULL,1,'','2024-03-21 18:55:13',183),(275,'课程预约管理',5,'com.yizhanshi.course.controller.CourseApplyController.export()','POST',1,'何嘉乐',NULL,'/courseApply/export','127.0.0.1','','{\"params\":{},\"status\":\"\",\"userStudentid\":\"\"}',NULL,1,'','2024-03-21 19:00:13',250),(276,'课程预约管理',5,'com.yizhanshi.course.controller.CourseApplyController.export()','POST',1,'何嘉乐',NULL,'/courseApply/export','127.0.0.1','','{\"params\":{},\"status\":\"\",\"userStudentid\":\"\"}',NULL,1,'','2024-03-21 19:01:45',16637),(277,'课程预约管理',5,'com.yizhanshi.course.controller.CourseApplyController.export()','POST',1,'何嘉乐',NULL,'/courseApply/export','127.0.0.1','','{\"params\":{},\"status\":\"\",\"userStudentid\":\"\"}',NULL,1,'','2024-03-21 19:07:05',42984),(278,'课程预约管理',5,'com.yizhanshi.course.controller.CourseApplyController.export()','POST',1,'何嘉乐',NULL,'/courseApply/export','127.0.0.1','','{\"params\":{},\"status\":\"\",\"userStudentid\":\"\"}',NULL,0,NULL,'2024-03-21 19:08:54',2050),(279,'课程预约管理',5,'com.yizhanshi.course.controller.CourseApplyController.export()','POST',1,'何嘉乐',NULL,'/courseApply/export','127.0.0.1','','{\"params\":{},\"status\":\"\",\"userStudentid\":\"\"}',NULL,0,NULL,'2024-03-21 19:15:04',1041),(280,'课程预约管理',5,'com.yizhanshi.course.controller.CourseApplyController.export()','POST',1,'何嘉乐',NULL,'/courseApply/export','127.0.0.1','','{\"params\":{},\"status\":\"\",\"userStudentid\":\"\"}',NULL,0,NULL,'2024-03-21 19:17:54',1037),(281,'课程预约管理',1,'com.yizhanshi.course.controller.CourseApplyController.addCourseApply()','POST',1,'何嘉乐',NULL,'/courseApply','127.0.0.1','','{\"applyContent\":\"in ad\",\"applyId\":7,\"applyName\":\"何嘉乐2号\",\"courseId\":4,\"createBy\":\"何嘉乐\",\"params\":{},\"status\":\"0\",\"userStudentid\":\"2020014100\"}','{\"msg\":\"操作成功\",\"code\":200}',0,NULL,'2024-03-21 19:22:21',65),(282,'课程预约管理',1,'com.yizhanshi.course.controller.CourseApplyController.addCourseApply()','POST',1,'何嘉乐',NULL,'/courseApply','127.0.0.1','','{\"applyContent\":\"in ad\",\"applyName\":\"何嘉乐2号\",\"courseId\":4,\"params\":{},\"status\":\"0\",\"userStudentid\":\"2020014100\"}','{\"msg\":\"选课失败，已存在选课记录\",\"code\":500}',0,NULL,'2024-03-21 19:23:07',3),(283,'场地预约时间管理',5,'com.yizhanshi.place.controller.PlaceApplyTimeController.export()','POST',1,'何嘉乐',NULL,'/placeApplyTime/export','127.0.0.1','','{\"params\":{},\"status\":\"0\"}',NULL,0,NULL,'2024-03-22 11:06:16',1165),(284,'场地预约时间管理',5,'com.yizhanshi.place.controller.PlaceApplyTimeController.export()','POST',1,'何嘉乐',NULL,'/placeApplyTime/export','127.0.0.1','','{\"params\":{},\"status\":\"0\"}',NULL,0,NULL,'2024-03-22 11:16:49',980),(285,'场地预约时间管理',5,'com.yizhanshi.place.controller.PlaceApplyTimeController.export()','POST',1,'何嘉乐',NULL,'/placeApplyTime/export','127.0.0.1','','{\"params\":{},\"status\":\"0\"}',NULL,0,NULL,'2024-03-22 11:20:12',1146),(286,'场地预约时间管理',1,'com.yizhanshi.place.controller.PlaceApplyTimeController.add()','POST',1,'何嘉乐',NULL,'/placeApplyTime','127.0.0.1','','{\"applyDay\":\"2024-03-22\",\"applyEndTime\":\"09:30\",\"applyId\":14,\"applyStartTime\":\"09:00\",\"applyTimeId\":13,\"createBy\":\"何嘉乐\",\"params\":{},\"placeId\":1,\"status\":\"0\",\"timeEndId\":2,\"timeStartId\":1}','{\"msg\":\"操作成功\",\"code\":200}',0,NULL,'2024-03-22 11:26:33',1850),(287,'场地预约时间管理',3,'com.yizhanshi.place.controller.PlaceApplyTimeController.remove()','DELETE',1,'何嘉乐',NULL,'/placeApplyTime/13','127.0.0.1','','{}','{\"msg\":\"操作成功\",\"code\":200}',0,NULL,'2024-03-22 11:28:51',17),(288,'课程时间管理',5,'com.yizhanshi.course.controller.CourseTimeController.export()','POST',1,'何嘉乐',NULL,'/courseTime/export','127.0.0.1','','{\"params\":{},\"place\":{\"params\":{},\"placeCampus\":\"北校区\",\"placeCapacity\":0,\"placeName\":\"\"},\"status\":\"0\"}',NULL,0,NULL,'2024-03-22 11:59:47',1107),(289,'课程时间管理',1,'com.yizhanshi.course.controller.CourseTimeController.add()','POST',1,'何嘉乐',NULL,'/courseTime','127.0.0.1','','{\"courseDay\":\"2024-03-24\",\"courseEndTime\":\"09:30\",\"courseId\":4,\"courseStartTime\":\"09:00\",\"courseTimeId\":7,\"createBy\":\"何嘉乐\",\"params\":{},\"placeId\":2,\"status\":\" \",\"timeEndId\":2,\"timeStartId\":1}','{\"msg\":\"操作成功\",\"code\":200}',0,NULL,'2024-03-22 12:27:27',235),(290,'课程时间管理',1,'com.yizhanshi.course.controller.CourseTimeController.add()','POST',1,'何嘉乐',NULL,'/courseTime','127.0.0.1','','{\"courseDay\":\"2024-03-24\",\"courseEndTime\":\"10:00\",\"courseId\":4,\"courseStartTime\":\"09:00\",\"params\":{},\"placeId\":2,\"status\":\" \",\"timeEndId\":3,\"timeStartId\":1}','{\"msg\":\"时间冲突!请查看当天课程时间信息后修改时间\",\"code\":500}',0,NULL,'2024-03-22 12:27:58',4),(291,'课程时间管理',1,'com.yizhanshi.course.controller.CourseTimeController.add()','POST',1,'何嘉乐',NULL,'/courseTime','127.0.0.1','','{\"courseDay\":\"2024-03-24\",\"courseEndTime\":\"10:00\",\"courseId\":4,\"courseStartTime\":\"09:00\",\"courseTimeId\":8,\"createBy\":\"何嘉乐\",\"params\":{},\"placeId\":2,\"status\":\" \",\"timeEndId\":4,\"timeStartId\":3}','{\"msg\":\"操作成功\",\"code\":200}',0,NULL,'2024-03-22 12:28:39',27),(292,'课程时间管理',1,'com.yizhanshi.course.controller.CourseTimeController.add()','POST',1,'何嘉乐',NULL,'/courseTime','127.0.0.1','','{\"courseDay\":\"2024-03-24\",\"courseEndTime\":\"10:30\",\"courseId\":4,\"courseStartTime\":\"10:00\",\"courseTimeId\":9,\"createBy\":\"何嘉乐\",\"params\":{},\"placeId\":2,\"status\":\"0\",\"timeEndId\":4,\"timeStartId\":3}','{\"msg\":\"操作成功\",\"code\":200}',0,NULL,'2024-03-22 12:34:39',2062),(293,'课程时间管理',1,'com.yizhanshi.course.controller.CourseTimeController.add()','POST',1,'何嘉乐',NULL,'/courseTime','127.0.0.1','','{\"courseDay\":\"2024-03-24\",\"courseEndTime\":\"10:30\",\"courseId\":4,\"courseStartTime\":\"10:00\",\"params\":{},\"placeId\":2,\"status\":\"0\",\"timeEndId\":4,\"timeStartId\":3}','{\"msg\":\"时间冲突!请查看当天课程时间信息后修改时间\",\"code\":500}',0,NULL,'2024-03-22 12:39:23',167),(294,'课程时间管理',1,'com.yizhanshi.course.controller.CourseTimeController.add()','POST',1,'何嘉乐',NULL,'/courseTime','127.0.0.1','','{\"courseDay\":\"2024-03-24\",\"courseEndTime\":\"10:30\",\"courseId\":4,\"courseStartTime\":\"10:00\",\"params\":{},\"placeId\":2,\"status\":\"0\",\"timeEndId\":4,\"timeStartId\":3}',NULL,1,'调用场地服务失败:Read timed out executing POST http://yizhanshi-place/placeApply/timeConflictByPlace','2024-03-22 12:41:23',67365),(295,'课程时间管理',1,'com.yizhanshi.course.controller.CourseTimeController.add()','POST',1,'何嘉乐',NULL,'/courseTime','127.0.0.1','','{\"courseDay\":\"2024-03-24\",\"courseEndTime\":\"10:30\",\"courseId\":4,\"courseStartTime\":\"10:00\",\"params\":{},\"placeId\":2,\"status\":\"0\",\"timeEndId\":4,\"timeStartId\":3}',NULL,1,'','2024-03-22 12:49:32',10981),(296,'课程时间管理',1,'com.yizhanshi.course.controller.CourseTimeController.add()','POST',1,'何嘉乐',NULL,'/courseTime','127.0.0.1','','{\"courseDay\":\"2024-03-24\",\"courseEndTime\":\"10:30\",\"courseId\":4,\"courseStartTime\":\"10:00\",\"params\":{},\"placeId\":2,\"status\":\"0\",\"timeEndId\":4,\"timeStartId\":3}',NULL,1,'调用场地服务失败:Read timed out executing POST http://yizhanshi-place/placeApply/timeConflictByPlace','2024-03-22 12:56:14',11871),(297,'课程时间管理',1,'com.yizhanshi.course.controller.CourseTimeController.add()','POST',1,'何嘉乐',NULL,'/courseTime','127.0.0.1','','{\"courseDay\":\"2024-03-24\",\"courseEndTime\":\"10:30\",\"courseId\":4,\"courseStartTime\":\"10:00\",\"params\":{},\"placeId\":2,\"status\":\"0\",\"timeEndId\":4,\"timeStartId\":3}',NULL,1,'时间冲突!请查看当天场地预约信息后修改时间','2024-03-22 12:56:23',1536),(298,'课程时间管理',3,'com.yizhanshi.course.controller.CourseTimeController.remove()','DELETE',1,'何嘉乐',NULL,'/courseTime/7','127.0.0.1','','{}','{\"msg\":\"操作成功\",\"code\":200}',0,NULL,'2024-03-22 12:57:12',47),(299,'标签管理',5,'com.yizhanshi.talent.controller.LabelController.export()','POST',1,'何嘉乐',NULL,'/labelInfo/export','127.0.0.1','','{\"params\":{}}',NULL,0,NULL,'2024-03-22 16:38:31',1153),(300,'标签管理',1,'com.yizhanshi.talent.controller.LabelController.addLabel()','POST',1,'何嘉乐',NULL,'/labelInfo','127.0.0.1','','{\"createBy\":\"何嘉乐\",\"labelId\":4,\"labelName\":\"化妆\",\"labelType\":\"美妆\",\"params\":{},\"status\":\"0\"}','{\"msg\":\"操作成功\",\"code\":200}',0,NULL,'2024-03-22 17:04:49',22),(301,'标签管理',2,'com.yizhanshi.talent.controller.LabelController.editLabel()','PUT',1,'何嘉乐',NULL,'/labelInfo','127.0.0.1','','{\"labelId\":1,\"labelName\":\"王者荣耀test\",\"labelType\":\"游戏\",\"params\":{},\"status\":\"0\",\"updateBy\":\"何嘉乐\"}','{\"msg\":\"操作成功\",\"code\":200}',0,NULL,'2024-03-22 17:07:09',13),(302,'标签管理',3,'com.yizhanshi.talent.controller.LabelController.removeLabel()','DELETE',1,'何嘉乐',NULL,'/labelInfo/1','127.0.0.1','','{}','{\"msg\":\"操作成功\",\"code\":200}',0,NULL,'2024-03-22 17:12:20',16),(303,'标签管理',1,'com.yizhanshi.talent.controller.LabelController.addLabel()','POST',1,'何嘉乐',NULL,'/labelInfo','127.0.0.1','','{\"createBy\":\"何嘉乐\",\"labelId\":5,\"labelName\":\"电竞\",\"params\":{},\"status\":\"0\"}','{\"msg\":\"操作成功\",\"code\":200}',0,NULL,'2024-03-22 17:15:03',15),(304,'人才管理',1,'com.yizhanshi.talent.controller.TalentController.registerTalent()','PUT',1,'何嘉乐',NULL,'/talentInfo/registerTalent','127.0.0.1','','{\"labels\":[{\"labelId\":1,\"params\":{}},{\"labelId\":2,\"params\":{}},{\"labelId\":3,\"params\":{}}],\"sysUser\":{\"admin\":true,\"adminByType\":false,\"params\":{},\"userDescription\":\"anim labore veniam enim officia\",\"userId\":123456789,\"userName\":\"何嘉乐\",\"userPicture1\":\"http://dummyimage.com/400x400\",\"userPicture2\":\"http://dummyimage.com/400x400\",\"userPicture3\":\"http://dummyimage.com/400x400\",\"userScore\":33,\"userStudentid\":\"2020014588\"}}',NULL,1,'','2024-03-22 18:18:21',1572),(305,'用户管理',2,'com.yizhanshi.system.controller.SysUserController.editByTalent()','PUT',1,'何嘉乐',NULL,'/user/editByTalent','127.0.0.1','','{\"admin\":true,\"adminByType\":false,\"params\":{},\"updateBy\":\"何嘉乐\",\"userDescription\":\"anim labore veniam enim officia\",\"userId\":123456789,\"userName\":\"何嘉乐\",\"userPicture1\":\"http://dummyimage.com/400x400\",\"userPicture2\":\"http://dummyimage.com/400x400\",\"userPicture3\":\"http://dummyimage.com/400x400\",\"userScore\":33,\"userStudentid\":\"2020014588\"}','{\"msg\":\"操作成功\",\"code\":200}',0,NULL,'2024-03-22 18:18:21',141),(306,'用户管理',2,'com.yizhanshi.system.controller.SysUserController.editByTalent()','PUT',1,'何嘉乐',NULL,'/user/editByTalent','127.0.0.1','','{\"admin\":true,\"adminByType\":false,\"params\":{},\"updateBy\":\"何嘉乐\",\"userDescription\":\"anim labore veniam enim officia\",\"userId\":123456789,\"userName\":\"何嘉乐\",\"userPicture1\":\"http://dummyimage.com/400x400\",\"userPicture2\":\"http://dummyimage.com/400x400\",\"userPicture3\":\"http://dummyimage.com/400x400\",\"userScore\":33,\"userStudentid\":\"2020014588\"}','{\"msg\":\"操作成功\",\"code\":200}',0,NULL,'2024-03-22 18:20:07',15),(307,'人才管理',1,'com.yizhanshi.talent.controller.TalentController.registerTalent()','PUT',1,'何嘉乐',NULL,'/talentInfo/registerTalent','127.0.0.1','','{\"labels\":[{\"labelId\":1,\"params\":{}},{\"labelId\":2,\"params\":{}},{\"labelId\":3,\"params\":{}}],\"sysUser\":{\"admin\":true,\"adminByType\":false,\"params\":{},\"userDescription\":\"anim labore veniam enim officia\",\"userId\":123456789,\"userName\":\"何嘉乐\",\"userPicture1\":\"http://dummyimage.com/400x400\",\"userPicture2\":\"http://dummyimage.com/400x400\",\"userPicture3\":\"http://dummyimage.com/400x400\",\"userScore\":33,\"userStudentid\":\"2020014588\"}}',NULL,1,'','2024-03-22 18:20:34',39700),(308,'用户管理',2,'com.yizhanshi.system.controller.SysUserController.editByTalent()','PUT',1,'何嘉乐',NULL,'/user/editByTalent','127.0.0.1','','{\"admin\":true,\"adminByType\":false,\"params\":{},\"updateBy\":\"何嘉乐\",\"userDescription\":\"anim labore veniam enim officia\",\"userId\":123456789,\"userName\":\"何嘉乐\",\"userPicture1\":\"http://dummyimage.com/400x400\",\"userPicture2\":\"http://dummyimage.com/400x400\",\"userPicture3\":\"http://dummyimage.com/400x400\",\"userScore\":33,\"userStudentid\":\"2020014588\"}','{\"msg\":\"操作成功\",\"code\":200}',0,NULL,'2024-03-22 18:20:50',14),(309,'人才管理',1,'com.yizhanshi.talent.controller.TalentController.registerTalent()','PUT',1,'何嘉乐',NULL,'/talentInfo/registerTalent','127.0.0.1','','{\"labels\":[{\"labelId\":1,\"params\":{}},{\"labelId\":2,\"params\":{}},{\"labelId\":3,\"params\":{}}],\"sysUser\":{\"admin\":true,\"adminByType\":false,\"params\":{},\"userDescription\":\"anim labore veniam enim officia\",\"userId\":123456789,\"userName\":\"何嘉乐\",\"userPicture1\":\"http://dummyimage.com/400x400\",\"userPicture2\":\"http://dummyimage.com/400x400\",\"userPicture3\":\"http://dummyimage.com/400x400\",\"userScore\":33,\"userStudentid\":\"2020014588\"}}',NULL,1,'','2024-03-22 18:21:03',18865),(310,'用户管理',2,'com.yizhanshi.system.controller.SysUserController.editByTalent()','PUT',1,'何嘉乐',NULL,'/user/editByTalent','127.0.0.1','','{\"admin\":true,\"adminByType\":false,\"params\":{},\"updateBy\":\"何嘉乐\",\"userDescription\":\"anim labore veniam enim officia\",\"userId\":123456789,\"userName\":\"何嘉乐\",\"userPicture1\":\"http://dummyimage.com/400x400\",\"userPicture2\":\"http://dummyimage.com/400x400\",\"userPicture3\":\"http://dummyimage.com/400x400\",\"userScore\":33,\"userStudentid\":\"2020014588\"}','{\"msg\":\"操作成功\",\"code\":200}',0,NULL,'2024-03-22 18:25:07',18),(311,'人才管理',1,'com.yizhanshi.talent.controller.TalentController.registerTalent()','PUT',1,'何嘉乐',NULL,'/talentInfo/registerTalent','127.0.0.1','','{\"labels\":[{\"labelId\":1,\"params\":{}},{\"labelId\":2,\"params\":{}},{\"labelId\":3,\"params\":{}}],\"sysUser\":{\"admin\":true,\"adminByType\":false,\"params\":{},\"userDescription\":\"anim labore veniam enim officia\",\"userId\":123456789,\"userName\":\"何嘉乐\",\"userPicture1\":\"http://dummyimage.com/400x400\",\"userPicture2\":\"http://dummyimage.com/400x400\",\"userPicture3\":\"http://dummyimage.com/400x400\",\"userScore\":33,\"userStudentid\":\"2020014588\"}}',NULL,1,'','2024-03-22 18:25:07',336),(312,'用户管理',2,'com.yizhanshi.system.controller.SysUserController.editByTalent()','PUT',1,'何嘉乐',NULL,'/user/editByTalent','127.0.0.1','','{\"admin\":true,\"adminByType\":false,\"params\":{},\"updateBy\":\"何嘉乐\",\"userDescription\":\"anim labore veniam enim officia\",\"userId\":123456789,\"userName\":\"何嘉乐\",\"userPicture1\":\"http://dummyimage.com/400x400\",\"userPicture2\":\"http://dummyimage.com/400x400\",\"userPicture3\":\"http://dummyimage.com/400x400\",\"userScore\":33,\"userStudentid\":\"2020014588\"}','{\"code\":200,\"data\":true}',0,NULL,'2024-03-22 18:29:33',136),(313,'人才管理',1,'com.yizhanshi.talent.controller.TalentController.registerTalent()','PUT',1,'何嘉乐',NULL,'/talentInfo/registerTalent','127.0.0.1','','{\"labels\":[{\"labelId\":1,\"params\":{}},{\"labelId\":2,\"params\":{}},{\"labelId\":3,\"params\":{}}],\"sysUser\":{\"admin\":true,\"adminByType\":false,\"params\":{},\"userDescription\":\"anim labore veniam enim officia\",\"userId\":123456789,\"userName\":\"何嘉乐\",\"userPicture1\":\"http://dummyimage.com/400x400\",\"userPicture2\":\"http://dummyimage.com/400x400\",\"userPicture3\":\"http://dummyimage.com/400x400\",\"userScore\":33,\"userStudentid\":\"2020014588\"}}',NULL,1,'nested exception is org.apache.ibatis.reflection.ReflectionException: There is no getter for property named \'talentLabelList\' in \'class com.yizhanshi.talent.domain.TalentLabel\'','2024-03-22 18:30:07',39979),(314,'用户管理',2,'com.yizhanshi.system.controller.SysUserController.editByTalent()','PUT',1,'何嘉乐',NULL,'/user/editByTalent','127.0.0.1','','{\"admin\":true,\"adminByType\":false,\"params\":{},\"updateBy\":\"何嘉乐\",\"userDescription\":\"anim labore veniam enim officia\",\"userId\":123456789,\"userName\":\"何嘉乐\",\"userPicture1\":\"http://dummyimage.com/400x400\",\"userPicture2\":\"http://dummyimage.com/400x400\",\"userPicture3\":\"http://dummyimage.com/400x400\",\"userScore\":33,\"userStudentid\":\"2020014588\"}','{\"code\":200,\"data\":true}',0,NULL,'2024-03-22 18:33:52',15),(315,'人才管理',1,'com.yizhanshi.talent.controller.TalentController.registerTalent()','PUT',1,'何嘉乐',NULL,'/talentInfo/registerTalent','127.0.0.1','','{\"labels\":[{\"labelId\":1,\"params\":{}},{\"labelId\":2,\"params\":{}},{\"labelId\":3,\"params\":{}}],\"sysUser\":{\"admin\":true,\"adminByType\":false,\"params\":{},\"userDescription\":\"anim labore veniam enim officia\",\"userId\":123456789,\"userName\":\"何嘉乐\",\"userPicture1\":\"http://dummyimage.com/400x400\",\"userPicture2\":\"http://dummyimage.com/400x400\",\"userPicture3\":\"http://dummyimage.com/400x400\",\"userScore\":33,\"userStudentid\":\"2020014588\"}}','{\"msg\":\"操作成功\",\"code\":200}',0,NULL,'2024-03-22 18:33:55',10757),(316,'人才管理',5,'com.yizhanshi.talent.controller.TalentController.export()','POST',1,'何嘉乐',NULL,'/talentInfo/export','127.0.0.1','','{\"labels\":[],\"sysUser\":{\"admin\":false,\"adminByType\":false,\"params\":{},\"userName\":\"\",\"userOrganization\":\"\",\"userScore\":0,\"userStudentid\":\"\"}}',NULL,0,NULL,'2024-03-22 18:36:19',1246),(317,'人才管理',5,'com.yizhanshi.talent.controller.TalentController.export()','POST',1,'何嘉乐',NULL,'/talentInfo/export','127.0.0.1','','{\"labels\":[],\"sysUser\":{\"admin\":false,\"adminByType\":false,\"params\":{},\"userName\":\"\",\"userOrganization\":\"\",\"userScore\":0,\"userStudentid\":\"\"}}',NULL,0,NULL,'2024-03-22 18:39:52',1228),(318,'人才管理',5,'com.yizhanshi.talent.controller.TalentController.export()','POST',1,'何嘉乐',NULL,'/talentInfo/export','127.0.0.1','','{\"labels\":[],\"sysUser\":{\"admin\":false,\"adminByType\":false,\"params\":{},\"userName\":\"\",\"userOrganization\":\"\",\"userScore\":0,\"userStudentid\":\"\"}}',NULL,0,NULL,'2024-03-22 19:57:34',1318),(319,'人才预约管理',5,'com.yizhanshi.talent.controller.TalentApplyController.export()','POST',1,'何嘉乐',NULL,'/talentApply/export','127.0.0.1','','{\"applyName\":\"何嘉乐2号\",\"params\":{},\"status\":\"0\",\"talentStudentid\":\"\",\"userStudentid\":\"\"}',NULL,0,NULL,'2024-03-24 15:43:08',1055),(320,'人才预约管理',5,'com.yizhanshi.talent.controller.TalentApplyController.export()','POST',1,'何嘉乐',NULL,'/talentApply/export','127.0.0.1','','{\"applyName\":\"何嘉乐2号\",\"params\":{},\"status\":\"0\",\"talentStudentid\":\"\",\"userStudentid\":\"\"}',NULL,0,NULL,'2024-03-24 15:47:11',1044),(321,'人才预约管理',5,'com.yizhanshi.talent.controller.TalentApplyController.export()','POST',1,'何嘉乐',NULL,'/talentApply/export','127.0.0.1','','{\"applyName\":\"何嘉乐2号\",\"params\":{},\"status\":\"0\",\"talentStudentid\":\"\",\"userStudentid\":\"\"}',NULL,0,NULL,'2024-03-24 15:57:51',224293),(322,'人才预约管理',5,'com.yizhanshi.talent.controller.TalentApplyController.export()','POST',1,'何嘉乐',NULL,'/talentApply/export','127.0.0.1','','{\"applyName\":\"何嘉乐2号\",\"params\":{},\"status\":\"0\",\"talentStudentid\":\"\",\"userStudentid\":\"\"}',NULL,0,NULL,'2024-03-24 15:58:53',1208),(323,'人才预约管理',5,'com.yizhanshi.talent.controller.TalentApplyController.export()','POST',1,'何嘉乐',NULL,'/talentApply/export','127.0.0.1','','{\"applyName\":\"何嘉乐2号\",\"params\":{},\"status\":\"0\",\"talentStudentid\":\"\",\"userStudentid\":\"\"}',NULL,0,NULL,'2024-03-24 16:00:06',31517),(324,'人才预约管理',5,'com.yizhanshi.talent.controller.TalentApplyController.export()','POST',1,'何嘉乐',NULL,'/talentApply/export','127.0.0.1','','{\"applyName\":\"何嘉乐2号\",\"params\":{},\"status\":\"0\",\"talentStudentid\":\"\",\"userStudentid\":\"\"}',NULL,0,NULL,'2024-03-24 16:39:11',51474),(325,'人才预约管理',5,'com.yizhanshi.talent.controller.TalentApplyController.export()','POST',1,'何嘉乐',NULL,'/talentApply/export','127.0.0.1','','{\"applyName\":\"何嘉乐2号\",\"params\":{},\"status\":\"0\",\"talentStudentid\":\"\",\"userStudentid\":\"\"}',NULL,0,NULL,'2024-03-24 16:40:22',1605),(326,'人才预约管理',5,'com.yizhanshi.talent.controller.TalentApplyController.export()','POST',1,'何嘉乐',NULL,'/talentApply/export','127.0.0.1','','{\"applyName\":\"何嘉乐2号\",\"params\":{},\"status\":\"0\",\"talentStudentid\":\"\",\"userStudentid\":\"\"}',NULL,0,NULL,'2024-03-24 16:41:16',18426),(327,'人才预约管理',5,'com.yizhanshi.talent.controller.TalentApplyController.export()','POST',1,'何嘉乐',NULL,'/talentApply/export','127.0.0.1','','{\"applyName\":\"何嘉乐2号\",\"params\":{},\"status\":\"0\",\"talentStudentid\":\"\",\"userStudentid\":\"\"}',NULL,0,NULL,'2024-03-24 16:50:37',1277),(328,'人才预约管理',1,'com.yizhanshi.talent.controller.TalentApplyController.addTalentApply()','POST',1,'何嘉乐',NULL,'/talentApply','127.0.0.1','','{\"applyContent\":\"哈哈\",\"applyEndDay\":\"2024-03-23\",\"applyId\":2,\"applyName\":\"何嘉乐2号\",\"applyStartDay\":\"2024-03-22\",\"createBy\":\"何嘉乐\",\"params\":{\"beginTime\":\"2024-03-24\"},\"status\":\"0\",\"talentStudentid\":\"2020014588\",\"userStudentid\":\"2020014100\"}','{\"msg\":\"操作成功\",\"code\":200}',0,NULL,'2024-03-24 16:51:29',79),(329,'人才预约管理',5,'com.yizhanshi.talent.controller.TalentApplyController.export()','POST',1,'何嘉乐',NULL,'/talentApply/export','127.0.0.1','','{\"applyName\":\"何嘉乐2号\",\"params\":{},\"status\":\"0\",\"talentStudentid\":\"\",\"userStudentid\":\"\"}',NULL,0,NULL,'2024-03-24 16:52:08',70),(330,'人才预约管理',5,'com.yizhanshi.talent.controller.TalentApplyController.export()','POST',1,'何嘉乐',NULL,'/talentApply/export','127.0.0.1','','{\"applyName\":\"何嘉乐2号\",\"params\":{},\"status\":\"0\",\"talentStudentid\":\"\",\"userStudentid\":\"\"}',NULL,0,NULL,'2024-03-24 16:54:29',40861),(331,'人才预约管理',5,'com.yizhanshi.talent.controller.TalentApplyController.export()','POST',1,'何嘉乐',NULL,'/talentApply/export','127.0.0.1','','{\"applyName\":\"何嘉乐2号\",\"params\":{},\"status\":\"0\",\"talentStudentid\":\"\",\"userStudentid\":\"\"}',NULL,0,NULL,'2024-03-24 16:55:47',28327),(332,'人才预约管理',5,'com.yizhanshi.talent.controller.TalentApplyController.export()','POST',1,'何嘉乐',NULL,'/talentApply/export','127.0.0.1','','{\"applyName\":\"何嘉乐2号\",\"params\":{},\"status\":\"0\",\"talentStudentid\":\"\",\"userStudentid\":\"\"}',NULL,0,NULL,'2024-03-24 17:11:43',809),(333,'人才预约管理',1,'com.yizhanshi.talent.controller.TalentApplyController.addTalentApply()','POST',1,'何嘉乐',NULL,'/talentApply','127.0.0.1','','{\"applyContent\":\"哈哈\",\"applyEndDay\":\"2024-03-23\",\"applyId\":3,\"applyName\":\"何嘉乐2号\",\"applyStartDay\":\"2024-03-22\",\"createBy\":\"何嘉乐\",\"params\":{\"beginTime\":\"2024-03-24\"},\"status\":\"0\",\"talentStudentid\":\"2020014588\",\"userStudentid\":\"2020014100\"}','{\"msg\":\"操作成功\",\"code\":200}',0,NULL,'2024-03-24 17:12:38',78),(334,'人才预约管理',1,'com.yizhanshi.talent.controller.TalentApplyController.addTalentApply()','POST',1,'何嘉乐',NULL,'/talentApply','127.0.0.1','','{\"applyContent\":\"哈哈\",\"applyEndDay\":\"2024-03-23\",\"applyId\":4,\"applyName\":\"何嘉乐2号\",\"applyStartDay\":\"2024-03-22\",\"createBy\":\"何嘉乐\",\"params\":{\"beginTime\":\"2024-03-24\"},\"status\":\"0\",\"talentStudentid\":\"2020014588\",\"userStudentid\":\"2020014100\"}','{\"msg\":\"操作成功\",\"code\":200}',0,NULL,'2024-03-24 17:16:22',25),(335,'人才预约管理',1,'com.yizhanshi.talent.controller.TalentApplyController.addTalentApply()','POST',1,'何嘉乐',NULL,'/talentApply','127.0.0.1','','{\"applyContent\":\"哈哈\",\"applyEndDay\":\"2024-03-23\",\"applyId\":5,\"applyName\":\"何嘉乐2号\",\"applyStartDay\":\"2024-03-22\",\"createBy\":\"何嘉乐\",\"params\":{\"beginTime\":\"2024-03-24\"},\"status\":\"0\",\"talentStudentid\":\"2020014588\",\"userStudentid\":\"2020014100\"}','{\"msg\":\"操作成功\",\"code\":200}',0,NULL,'2024-03-24 17:45:52',164),(336,'人才预约管理',1,'com.yizhanshi.talent.controller.TalentApplyController.addTalentApply()','POST',1,'何嘉乐',NULL,'/talentApply','127.0.0.1','','{\"applyContent\":\"哈哈\",\"applyEndDay\":\"2024-03-23\",\"applyId\":6,\"applyName\":\"何嘉乐2号\",\"applyStartDay\":\"2024-03-22\",\"createBy\":\"何嘉乐\",\"params\":{\"beginTime\":\"2024-03-24\"},\"status\":\"0\",\"talentStudentid\":\"2020014588\",\"userStudentid\":\"2020014100\"}','{\"msg\":\"操作成功\",\"code\":200}',0,NULL,'2024-03-24 17:45:53',29),(337,'人才预约管理',1,'com.yizhanshi.talent.controller.TalentApplyController.addTalentApply()','POST',1,'何嘉乐',NULL,'/talentApply','127.0.0.1','','{\"applyContent\":\"哈哈\",\"applyEndDay\":\"2024-03-23\",\"applyId\":7,\"applyName\":\"何嘉乐2号\",\"applyStartDay\":\"2024-03-22\",\"createBy\":\"何嘉乐\",\"params\":{\"beginTime\":\"2024-03-24\"},\"status\":\"0\",\"talentStudentid\":\"2020014588\",\"userStudentid\":\"2020014100\"}','{\"msg\":\"操作成功\",\"code\":200}',0,NULL,'2024-03-24 17:45:55',19),(338,'人才预约管理',1,'com.yizhanshi.talent.controller.TalentApplyController.addTalentApply()','POST',1,'何嘉乐',NULL,'/talentApply','127.0.0.1','','{\"applyContent\":\"哈哈\",\"applyEndDay\":\"2024-03-23\",\"applyId\":8,\"applyName\":\"何嘉乐2号\",\"applyStartDay\":\"2024-03-22\",\"createBy\":\"何嘉乐\",\"params\":{\"beginTime\":\"2024-03-24\"},\"status\":\"0\",\"talentStudentid\":\"2020014588\",\"userStudentid\":\"2020014100\"}','{\"msg\":\"操作成功\",\"code\":200}',0,NULL,'2024-03-24 17:45:56',17),(339,'人才预约管理',1,'com.yizhanshi.talent.controller.TalentApplyController.addTalentApply()','POST',1,'何嘉乐',NULL,'/talentApply','127.0.0.1','','{\"applyContent\":\"哈哈\",\"applyEndDay\":\"2024-03-23\",\"applyId\":9,\"applyName\":\"何嘉乐2号\",\"applyStartDay\":\"2024-03-22\",\"createBy\":\"何嘉乐\",\"params\":{\"beginTime\":\"2024-03-24\"},\"status\":\"0\",\"talentStudentid\":\"2020014588\",\"userStudentid\":\"2020014100\"}','{\"msg\":\"操作成功\",\"code\":200}',0,NULL,'2024-03-24 17:45:57',18),(340,'人才预约管理',1,'com.yizhanshi.talent.controller.TalentApplyController.addTalentApply()','POST',1,'何嘉乐',NULL,'/talentApply','127.0.0.1','','{\"applyContent\":\"哈哈\",\"applyEndDay\":\"2024-03-23\",\"applyId\":10,\"applyName\":\"何嘉乐2号\",\"applyStartDay\":\"2024-03-22\",\"createBy\":\"何嘉乐\",\"params\":{\"beginTime\":\"2024-03-24\"},\"status\":\"0\",\"talentStudentid\":\"2020014588\",\"userStudentid\":\"2020014100\"}','{\"msg\":\"操作成功\",\"code\":200}',0,NULL,'2024-03-24 17:45:58',19),(341,'人才预约管理',1,'com.yizhanshi.talent.controller.TalentApplyController.addTalentApply()','POST',1,'何嘉乐',NULL,'/talentApply','127.0.0.1','','{\"applyContent\":\"哈哈\",\"applyEndDay\":\"2024-03-23\",\"applyId\":11,\"applyName\":\"何嘉乐2号\",\"applyStartDay\":\"2024-03-22\",\"createBy\":\"何嘉乐\",\"params\":{\"beginTime\":\"2024-03-24\"},\"status\":\"0\",\"talentStudentid\":\"2020014588\",\"userStudentid\":\"2020014100\"}','{\"msg\":\"操作成功\",\"code\":200}',0,NULL,'2024-03-24 17:46:45',17),(342,'人才预约管理',1,'com.yizhanshi.talent.controller.TalentApplyController.addTalentApply()','POST',1,'何嘉乐',NULL,'/talentApply','127.0.0.1','','{\"applyContent\":\"哈哈\",\"applyEndDay\":\"2024-03-23\",\"applyName\":\"何嘉乐2号\",\"applyStartDay\":\"2024-03-22\",\"params\":{\"beginTime\":\"2024-03-24\"},\"status\":\"0\",\"talentStudentid\":\"2020014588\",\"userStudentid\":\"2020014100\"}','{\"msg\":\"今天你的预约已经到达上限10次，请明天再试\",\"code\":500}',0,NULL,'2024-03-24 17:46:48',8),(343,'人才预约管理',2,'com.yizhanshi.talent.controller.TalentApplyController.editTalentApply()','PUT',1,'何嘉乐',NULL,'/talentApply','127.0.0.1','','{\"applyContent\":\"哈哈www\",\"applyEndDay\":\"2024-03-23\",\"applyName\":\"何嘉乐2号\",\"applyStartDay\":\"2024-03-22\",\"params\":{},\"status\":\"0\",\"talentStudentid\":\"2020014588\",\"updateBy\":\"何嘉乐\",\"userStudentid\":\"2020014100\"}','{\"msg\":\"操作失败\",\"code\":500}',0,NULL,'2024-03-24 17:48:24',14),(344,'人才预约管理',2,'com.yizhanshi.talent.controller.TalentApplyController.editTalentApply()','PUT',1,'何嘉乐',NULL,'/talentApply','127.0.0.1','','{\"applyContent\":\"哈哈www\",\"applyEndDay\":\"2024-03-23\",\"applyId\":2,\"applyName\":\"何嘉乐2号\",\"applyStartDay\":\"2024-03-22\",\"params\":{},\"status\":\"0\",\"talentStudentid\":\"2020014588\",\"updateBy\":\"何嘉乐\",\"userStudentid\":\"2020014100\"}','{\"msg\":\"操作成功\",\"code\":200}',0,NULL,'2024-03-24 17:48:32',13),(345,'人才预约管理',2,'com.yizhanshi.talent.controller.TalentApplyController.check()','PUT',1,'何嘉乐',NULL,'/talentApply/check','127.0.0.1','','[{\"applyId\":2,\"params\":{},\"recallStatus\":\"1\",\"refuseReason\":\"\",\"status\":\"2\",\"updateBy\":\"何嘉乐\"}]','{\"msg\":\"操作成功\",\"code\":200}',0,NULL,'2024-03-24 18:13:03',248),(346,'人才预约管理',3,'com.yizhanshi.talent.controller.TalentApplyController.removeTalentApply()','DELETE',1,'何嘉乐',NULL,'/talentApply/3','127.0.0.1','','{}',NULL,1,'\r\n### Error updating database.  Cause: java.sql.SQLSyntaxErrorException: You have an error in your SQL syntax; check the manual that corresponds to your MySQL server version for the right syntax to use near \'\' at line 1\r\n### The error may exist in file [D:\\hejialebishe\\YiZhanShi\\yizhanshi-modules\\yizhanshi-talent\\target\\classes\\mapper\\talent\\TalentCommentMapper.xml]\r\n### The error may involve defaultParameterMap\r\n### The error occurred while setting parameters\r\n### SQL: update business_talent_comment set del_flag = \'2\' where comment_id in\r\n### Cause: java.sql.SQLSyntaxErrorException: You have an error in your SQL syntax; check the manual that corresponds to your MySQL server version for the right syntax to use near \'\' at line 1\n; bad SQL grammar []; nested exception is java.sql.SQLSyntaxErrorException: You have an error in your SQL syntax; check the manual that corresponds to your MySQL server version for the right syntax to use near \'\' at line 1','2024-03-24 18:18:52',118),(347,'人才预约管理',3,'com.yizhanshi.talent.controller.TalentApplyController.removeTalentApply()','DELETE',1,'何嘉乐',NULL,'/talentApply/3','127.0.0.1','','{}','{\"msg\":\"操作成功\",\"code\":200}',0,NULL,'2024-03-24 18:20:50',175),(348,'人才评价管理',5,'com.yizhanshi.talent.controller.TalentCommentController.export()','POST',1,'何嘉乐',NULL,'/talentComment/export','127.0.0.1','','{\"commentContent\":\"\",\"commentStar\":\"5\",\"params\":{},\"status\":\"0\"}',NULL,0,NULL,'2024-03-25 10:56:32',905),(349,'人才评价信息',1,'com.yizhanshi.talent.controller.TalentCommentController.add()','POST',1,'何嘉乐',NULL,'/talentComment','127.0.0.1','','{\"commentContent\":\"还行\",\"commentId\":4,\"commentStar\":\"4\",\"createBy\":\"何嘉乐\",\"params\":{},\"status\":\"0\",\"talentStudentid\":\"2020014588\"}','{\"msg\":\"操作成功\",\"code\":200}',0,NULL,'2024-03-25 10:58:09',14),(350,'人才评价信息',1,'com.yizhanshi.talent.controller.TalentCommentController.add()','POST',1,'何嘉乐',NULL,'/talentComment','127.0.0.1','','{\"applyId\":7,\"commentContent\":\"还行\",\"commentId\":5,\"commentStar\":\"4\",\"createBy\":\"何嘉乐\",\"params\":{},\"status\":\"0\",\"talentStudentid\":\"2020014588\"}','{\"msg\":\"操作成功\",\"code\":200}',0,NULL,'2024-03-25 11:02:18',187),(351,'人才评价信息',2,'com.yizhanshi.talent.controller.TalentCommentController.edit()','PUT',1,'何嘉乐',NULL,'/talentComment','127.0.0.1','','{\"commentContent\":\"shabi\",\"commentId\":2,\"commentStar\":\"5\",\"params\":{},\"status\":\"0\",\"updateBy\":\"何嘉乐\"}','{\"msg\":\"操作成功\",\"code\":200}',0,NULL,'2024-03-25 11:04:28',30),(352,'人才评价信息',3,'com.yizhanshi.talent.controller.TalentCommentController.remove()','DELETE',1,'何嘉乐',NULL,'/talentComment/2','127.0.0.1','','{}','{\"msg\":\"操作成功\",\"code\":200}',0,NULL,'2024-03-25 11:07:04',8),(353,'人才预约管理',1,'com.yizhanshi.talent.controller.TalentApplyController.addTalentApply()','POST',1,'何嘉乐',NULL,'/talentApply','127.0.0.1','','{\"applyContent\":\"哈哈\",\"applyEndDay\":\"2024-03-23\",\"applyId\":12,\"applyName\":\"何嘉乐2号\",\"applyStartDay\":\"2024-03-22\",\"createBy\":\"何嘉乐\",\"params\":{\"beginTime\":\"2024-03-25\"},\"status\":\"0\",\"talentStudentid\":\"2020014588\",\"userStudentid\":\"2020014100\"}','{\"msg\":\"操作成功\",\"code\":200}',0,NULL,'2024-03-25 13:34:03',213),(354,'人才预约管理',2,'com.yizhanshi.talent.controller.TalentApplyController.check()','PUT',1,'何嘉乐',NULL,'/talentApply/check','127.0.0.1','','[{\"applyId\":12,\"params\":{},\"recallStatus\":\"1\",\"refuseReason\":\"\",\"status\":\"2\",\"updateBy\":\"何嘉乐\"}]','{\"msg\":\"操作成功\",\"code\":200}',0,NULL,'2024-03-25 13:35:45',91),(355,'人才预约管理',5,'com.yizhanshi.system.controller.SysReportController.export()','POST',1,'何嘉乐',NULL,'/report/export','127.0.0.1','','{\"params\":{\"beginTime\":\"2001-12-07 15:40:36\",\"endTime\":\"2024-04-25 10:26:43\"},\"reportName\":\"何嘉乐\",\"userStudentid\":\"2020014588\"}',NULL,0,NULL,'2024-03-25 13:51:15',1317),(356,'举报信息',1,'com.yizhanshi.system.controller.SysReportController.add()','POST',1,'何嘉乐',NULL,'/report','127.0.0.1','','{\"createBy\":\"何嘉乐\",\"params\":{},\"reportContent\":\"cupidatat adipisicing aliqua\",\"reportName\":\"何嘉乐\",\"reportPicture\":\"http://dummyimage.com/400x400\",\"status\":\"0\",\"userStudentid\":\"2020014588\"}','{\"msg\":\"操作成功\",\"code\":200}',0,NULL,'2024-03-25 13:54:27',18),(357,'举报信息',2,'com.yizhanshi.system.controller.SysReportController.edit()','PUT',1,'何嘉乐',NULL,'/report','127.0.0.1','','{\"params\":{},\"reportContent\":\"555555\",\"reportId\":2,\"reportName\":\"何嘉乐\",\"reportPicture\":\"http://dummyimage.com/400x400\",\"status\":\"0\",\"updateBy\":\"何嘉乐\",\"userStudentid\":\"2020014588\"}','{\"msg\":\"操作成功\",\"code\":200}',0,NULL,'2024-03-25 13:56:38',16),(358,'举报信息',3,'com.yizhanshi.system.controller.SysReportController.remove()','DELETE',1,'何嘉乐',NULL,'/report/2','127.0.0.1','','{}','{\"msg\":\"操作成功\",\"code\":200}',0,NULL,'2024-03-25 13:58:08',12),(359,'举报信息',1,'com.yizhanshi.system.controller.SysReportController.add()','POST',1,'何嘉乐',NULL,'/report','127.0.0.1','','{\"createBy\":\"何嘉乐\",\"params\":{},\"reportContent\":\"cupidatat adipisicing aliqua\",\"reportName\":\"何嘉乐\",\"reportPicture\":\"http://dummyimage.com/400x400\",\"status\":\"0\",\"userStudentid\":\"2020014588\"}','{\"msg\":\"操作成功\",\"code\":200}',0,NULL,'2024-03-25 13:59:54',50),(360,'举报信息',3,'com.yizhanshi.system.controller.SysReportController.remove()','DELETE',1,'何嘉乐',NULL,'/report/3','127.0.0.1','','{}','{\"msg\":\"操作成功\",\"code\":200}',0,NULL,'2024-03-25 13:59:59',12),(361,'举报信息',2,'com.yizhanshi.system.controller.SysReportController.checkReport()','PUT',1,'何嘉乐',NULL,'/report/check','127.0.0.1','','{\"handleContent\":\"扣二分\",\"params\":{},\"refuseReason\":\"\",\"reportAdmin\":\"2020014588\",\"reportAdminName\":\"何嘉乐\",\"reportId\":1,\"status\":\"2\"}','{\"msg\":\"操作成功\",\"code\":200}',0,NULL,'2024-03-25 15:38:14',27),(362,'信誉管理',1,'com.yizhanshi.system.controller.SysCreditController.addUserCredit()','POST',1,'何嘉乐',NULL,'/credit','127.0.0.1','','{\"adminName\":\"何嘉乐\",\"createBy\":\"何嘉乐\",\"creditContent\":\"consectetur ipsum\",\"creditId\":12,\"creditNumber\":3,\"creditSource\":\"1\",\"params\":{},\"status\":\"0\",\"userStudentid\":\"2020014588\"}','{\"msg\":\"操作成功\",\"code\":200}',0,NULL,'2024-03-25 17:16:28',101),(363,'信誉管理',1,'com.yizhanshi.system.controller.SysCreditController.addUserCredit()','POST',1,'何嘉乐',NULL,'/credit','127.0.0.1','','{\"adminName\":\"何嘉乐\",\"createBy\":\"何嘉乐\",\"creditContent\":\"consectetur ipsum\",\"creditId\":13,\"creditNumber\":3,\"creditSource\":\"1\",\"params\":{},\"status\":\"0\",\"userStudentid\":\"2020014588\"}','{\"msg\":\"操作成功\",\"code\":200}',0,NULL,'2024-03-25 17:17:08',15),(364,'信誉管理',3,'com.yizhanshi.system.controller.SysCreditController.remove()','DELETE',1,'何嘉乐',NULL,'/credit/13','127.0.0.1','','{}','{\"msg\":\"操作成功\",\"code\":200}',0,NULL,'2024-03-25 17:18:57',37),(365,'信誉管理',3,'com.yizhanshi.system.controller.SysCreditController.remove()','DELETE',1,'何嘉乐',NULL,'/credit/13','127.0.0.1','','{}',NULL,1,'','2024-03-25 17:26:53',92),(366,'信誉管理',3,'com.yizhanshi.system.controller.SysCreditController.remove()','DELETE',1,'何嘉乐',NULL,'/credit/13','127.0.0.1','','{}',NULL,1,'','2024-03-25 17:27:23',15),(367,'信誉管理',3,'com.yizhanshi.system.controller.SysCreditController.remove()','DELETE',1,'何嘉乐',NULL,'/credit/13','127.0.0.1','','{}',NULL,1,'','2024-03-25 17:28:50',97),(368,'信誉管理',3,'com.yizhanshi.system.controller.SysCreditController.remove()','DELETE',1,'何嘉乐',NULL,'/credit/13','127.0.0.1','','{}','{\"msg\":\"操作成功\",\"code\":200}',0,NULL,'2024-03-25 17:30:04',107),(369,'信誉管理',3,'com.yizhanshi.system.controller.SysCreditController.remove()','DELETE',1,'何嘉乐',NULL,'/credit/13','127.0.0.1','','{}','{\"msg\":\"操作成功\",\"code\":200}',0,NULL,'2024-03-25 17:31:10',105),(370,'信誉管理',3,'com.yizhanshi.system.controller.SysCreditController.remove()','DELETE',1,'何嘉乐',NULL,'/credit/13','127.0.0.1','','{}','{\"msg\":\"操作成功\",\"code\":200}',0,NULL,'2024-03-25 17:32:44',138),(371,'信誉管理',3,'com.yizhanshi.system.controller.SysCreditController.remove()','DELETE',1,'何嘉乐',NULL,'/credit/11','127.0.0.1','','{}','{\"msg\":\"操作成功\",\"code\":200}',0,NULL,'2024-03-25 17:33:03',15),(372,'信誉管理',3,'com.yizhanshi.system.controller.SysCreditController.remove()','DELETE',1,'何嘉乐',NULL,'/credit/13','127.0.0.1','','{}',NULL,1,'','2024-03-25 17:34:09',22),(373,'信誉管理',3,'com.yizhanshi.system.controller.SysCreditController.remove()','DELETE',1,'何嘉乐',NULL,'/credit/13','127.0.0.1','','{}',NULL,1,'该用户信誉已经超过或低于限定范围，请重新修改信誉分','2024-03-25 17:34:28',7);
/*!40000 ALTER TABLE `system_oper_log` ENABLE KEYS */;
UNLOCK TABLES;

--
-- Table structure for table `system_report`
--

DROP TABLE IF EXISTS `system_report`;
/*!40101 SET @saved_cs_client     = @@character_set_client */;
/*!50503 SET character_set_client = utf8mb4 */;
CREATE TABLE `system_report` (
  `report_id` bigint NOT NULL AUTO_INCREMENT COMMENT '举报id',
  `report_name` varchar(100) DEFAULT NULL COMMENT '举报人姓名',
  `user_studentid` varchar(15) NOT NULL COMMENT '举报人学号',
  `reported_studentid` varchar(15) DEFAULT NULL COMMENT '被举报学号',
  `reported_name` varchar(100) DEFAULT NULL COMMENT '被举报姓名',
  `report_content` varchar(500) DEFAULT NULL COMMENT '举报内容',
  `report_picture` varchar(100) DEFAULT NULL COMMENT '举报照片',
  `report_admin` varchar(15) DEFAULT NULL COMMENT '操作管理员',
  `report_admin_name` varchar(100) DEFAULT NULL COMMENT '操作管理员姓名',
  `refuse_reason` varchar(100) DEFAULT NULL COMMENT '拒绝原因',
  `status` char(1) NOT NULL DEFAULT '0' COMMENT '状态（0已申请 2已同意 5已拒绝）',
  `del_flag` char(1) DEFAULT '0' COMMENT '删除标志（0存在 2删除）',
  `create_time` datetime DEFAULT NULL,
  `create_by` varchar(100) DEFAULT NULL,
  `update_time` datetime DEFAULT NULL,
  `update_by` varchar(100) DEFAULT NULL,
  `remark` varchar(500) DEFAULT NULL,
  `handle_content` varchar(500) DEFAULT NULL COMMENT '处理结果',
  PRIMARY KEY (`report_id`)
) ENGINE=InnoDB AUTO_INCREMENT=4 DEFAULT CHARSET=utf8mb4 COLLATE=utf8mb4_0900_ai_ci COMMENT='举报表（适用于人才和失物）';
/*!40101 SET character_set_client = @saved_cs_client */;

--
-- Dumping data for table `system_report`
--

LOCK TABLES `system_report` WRITE;
/*!40000 ALTER TABLE `system_report` DISABLE KEYS */;
INSERT INTO `system_report` VALUES (1,'何嘉乐','2020014588','2020014100',NULL,'他涉黄',NULL,'2020014588','何嘉乐',NULL,'2','0','2024-03-25 13:44:48','何嘉乐','2024-03-25 15:38:14',NULL,NULL,'扣二分'),(3,'何嘉乐','2020014588',NULL,NULL,'cupidatat adipisicing aliqua','http://dummyimage.com/400x400',NULL,NULL,NULL,'0','2','2024-03-25 13:59:54','何嘉乐',NULL,NULL,NULL,NULL);
/*!40000 ALTER TABLE `system_report` ENABLE KEYS */;
UNLOCK TABLES;

--
-- Table structure for table `system_resource`
--

DROP TABLE IF EXISTS `system_resource`;
/*!40101 SET @saved_cs_client     = @@character_set_client */;
/*!50503 SET character_set_client = utf8mb4 */;
CREATE TABLE `system_resource` (
  `resource_id` bigint NOT NULL AUTO_INCREMENT COMMENT '主键',
  `resource_name` varchar(100) NOT NULL COMMENT '资源名称',
  `parent_id` bigint DEFAULT '0' COMMENT '资源父亲id',
  `order_num` int DEFAULT '0' COMMENT '显示顺序',
  `path` varchar(200) DEFAULT NULL COMMENT '路由地址',
  `component` varchar(200) DEFAULT NULL COMMENT '前端组件地址',
  `query` varchar(200) DEFAULT NULL COMMENT '路由参数',
  `is_frame` int DEFAULT '1' COMMENT '是否是外链（0是 1否）',
  `is_cache` int DEFAULT '0' COMMENT '是否缓存（0缓存 1不缓存）',
  `visible` char(1) DEFAULT '0' COMMENT '0显示  1隐藏',
  `resource_type` char(1) DEFAULT '' COMMENT '资源类型（C目录 M菜单 B按钮）',
  `perms` varchar(100) DEFAULT NULL COMMENT '权限标识',
  `icon` varchar(100) DEFAULT '#' COMMENT '资源图标',
  `status` char(1) NOT NULL DEFAULT '0' COMMENT '资源状态（0启用 1停用）',
  `del_flag` char(1) CHARACTER SET utf8mb4 COLLATE utf8mb4_0900_ai_ci NOT NULL DEFAULT '0' COMMENT '删除标志（0存在 2删除）',
  `remark` varchar(500) DEFAULT NULL COMMENT '备注',
  `update_time` datetime DEFAULT NULL COMMENT '更新时间',
  `update_by` varchar(100) DEFAULT NULL COMMENT '更新人',
  `create_by` varchar(100) DEFAULT NULL COMMENT '创建人',
  `create_time` datetime DEFAULT NULL COMMENT '创建时间',
  PRIMARY KEY (`resource_id`)
) ENGINE=InnoDB AUTO_INCREMENT=1020 DEFAULT CHARSET=utf8mb4 COLLATE=utf8mb4_0900_ai_ci COMMENT='系统资源表';
/*!40101 SET character_set_client = @saved_cs_client */;

--
-- Dumping data for table `system_resource`
--

LOCK TABLES `system_resource` WRITE;
/*!40000 ALTER TABLE `system_resource` DISABLE KEYS */;
INSERT INTO `system_resource` VALUES (1,'系统管理',0,1,'system',NULL,NULL,1,0,'0','C',NULL,'system','0','0',NULL,NULL,NULL,'123456789','2024-02-19 13:33:14'),(100,'用户管理',1,1,'user','system/user/index','',1,0,'0','M','','#','0','0','你好','2024-02-19 18:36:27',NULL,NULL,NULL),(101,'角色管理',1,2,'role','system/role/index',NULL,1,0,'0','M','system:role:list','#','0','0',NULL,NULL,NULL,NULL,NULL),(102,'菜单管理',1,3,'resource','system/resoure/index',NULL,1,0,'0','M','system:resource:list','#','0','0',NULL,NULL,NULL,NULL,NULL),(103,'部门管理',1,4,'dept','system/dept/index',NULL,1,0,'0','M','system:dept:list','#','0','0',NULL,NULL,NULL,NULL,NULL),(1001,'用户新增',100,2,'','','',1,0,'0','B','system:user:add','#','0','0','',NULL,NULL,'123456789','2024-02-05 10:56:11'),(1002,'用户修改',100,3,'','','',1,0,'0','B','system:user:edit','#','0','0','',NULL,NULL,'123456789','2024-02-05 10:56:11'),(1003,'用户删除',100,4,'','','',1,0,'0','B','system:user:remove','#','0','0','',NULL,NULL,'123456789','2024-02-05 10:56:11'),(1004,'用户导出',100,5,'','','',1,0,'0','B','system:user:export','#','0','0','',NULL,NULL,'123456789','2024-02-05 10:56:11'),(1005,'用户导入',100,6,'','','',1,0,'0','B','system:user:import','#','0','0','',NULL,NULL,'123456789','2024-02-05 10:56:11'),(1006,'重置密码',100,7,'','','',1,0,'0','B','system:user:resetPwd','#','0','0','',NULL,NULL,'123456789','2024-02-05 10:56:11'),(1007,'角色查询',101,1,'','','',1,0,'0','B','system:role:query','#','0','0','',NULL,NULL,'123456789','2024-02-05 10:56:11'),(1008,'角色新增',101,2,'','','',1,0,'0','B','system:role:add','#','0','0','',NULL,NULL,'123456789','2024-02-05 10:56:11'),(1009,'角色修改',101,3,'','','',1,0,'0','B','system:role:edit','#','0','0','',NULL,NULL,'123456789','2024-02-05 10:56:11'),(1010,'角色删除',101,4,'','','',1,0,'0','B','system:role:remove','#','0','0','',NULL,NULL,'123456789','2024-02-05 10:56:11'),(1011,'角色导出',101,5,'','','',1,0,'0','B','system:role:export','#','0','0','',NULL,NULL,'123456789','2024-02-05 10:56:11'),(1012,'资源查询',102,1,'','','',1,0,'0','B','system:resource:query','#','0','0','',NULL,NULL,'123456789','2024-02-05 10:56:11'),(1013,'资源新增',102,2,'','','',1,0,'0','B','system:resource:add','#','0','0','',NULL,NULL,'123456789','2024-02-05 10:56:11'),(1014,'资源修改',102,3,'','','',1,0,'0','B','system:resource:edit','#','0','0','',NULL,NULL,'123456789','2024-02-05 10:56:11'),(1015,'资源删除',102,4,'','','',1,0,'0','B','system:resource:remove','#','0','0','',NULL,NULL,'123456789','2024-02-05 10:56:11'),(1016,'部门查询',103,1,'','','',1,0,'0','B','system:dept:query','#','0','0','',NULL,NULL,'123456789','2024-02-05 10:56:11'),(1017,'部门新增',103,2,'','','',1,0,'0','B','system:dept:add','#','0','0','',NULL,NULL,'123456789','2024-02-05 10:56:11'),(1018,'部门修改',103,3,'','','',1,0,'0','B','system:dept:edit','#','0','0','',NULL,NULL,'123456789','2024-02-05 10:56:11'),(1019,'部门删除',103,4,'','','',1,0,'0','B','system:dept:remove','#','0','0','',NULL,NULL,'123456789','2024-02-05 10:56:11');
/*!40000 ALTER TABLE `system_resource` ENABLE KEYS */;
UNLOCK TABLES;

--
-- Table structure for table `system_role`
--

DROP TABLE IF EXISTS `system_role`;
/*!40101 SET @saved_cs_client     = @@character_set_client */;
/*!50503 SET character_set_client = utf8mb4 */;
CREATE TABLE `system_role` (
  `role_id` bigint NOT NULL AUTO_INCREMENT COMMENT '主键',
  `role_name` varchar(100) NOT NULL COMMENT '角色名称',
  `role_key` varchar(100) NOT NULL COMMENT '角色权限字符串',
  `role_sort` int NOT NULL COMMENT '显示顺序',
  `status` char(1) DEFAULT '0' COMMENT '角色状态（0启用 1停用）',
  `del_flag` char(1) CHARACTER SET utf8mb4 COLLATE utf8mb4_0900_ai_ci DEFAULT '0' COMMENT '删除标志（0存在 2删除）',
  `create_time` datetime DEFAULT NULL COMMENT '创建时间',
  `create_by` varchar(100) DEFAULT NULL COMMENT '创建人',
  `update_time` datetime DEFAULT NULL COMMENT '更新时间',
  `update_by` varchar(100) DEFAULT NULL COMMENT '更新人',
  `remark` varchar(500) DEFAULT NULL COMMENT '备注',
  `data_scope` char(1) CHARACTER SET utf8mb4 COLLATE utf8mb4_0900_ai_ci DEFAULT '1' COMMENT '数据范围（1：全部数据权限 2：自定数据权限 3：本部门数据权限 4：本部门及以下数据权限）',
  `resource_check_strictly` tinyint(1) DEFAULT '1' COMMENT '菜单树选择项是否关联显示(1是 0否)',
  `dept_check_strictly` tinyint(1) DEFAULT '1' COMMENT '部门树选择项是否关联显示（1是 0否)',
  PRIMARY KEY (`role_id`)
) ENGINE=InnoDB AUTO_INCREMENT=987654325 DEFAULT CHARSET=utf8mb4 COLLATE=utf8mb4_0900_ai_ci;
/*!40101 SET character_set_client = @saved_cs_client */;

--
-- Dumping data for table `system_role`
--

LOCK TABLES `system_role` WRITE;
/*!40000 ALTER TABLE `system_role` DISABLE KEYS */;
INSERT INTO `system_role` VALUES (1,'场地一级管理员','placeAdmin1',1,'0','0','2024-02-15 16:19:07','何嘉乐','2024-02-19 14:29:34',NULL,NULL,'2',1,1),(3,'场地二级管理员','placeAdmin2',2,'0','0','2024-03-06 16:53:22','何嘉乐',NULL,NULL,NULL,'1',1,1),(987654321,'超级管理员','admin',0,'0','0','2024-02-09 16:19:07','何嘉乐','2024-02-09 16:19:10','123456789',NULL,'1',1,1),(987654322,'课程一级管理员','courseAdmin2',3,'0','0',NULL,NULL,NULL,NULL,NULL,'1',1,1),(987654323,'课程二级管理员','courseCourseAdmin2',4,'0','0',NULL,NULL,NULL,NULL,NULL,'1',1,1),(987654324,'普通用户','user',1,'0','0',NULL,NULL,NULL,NULL,NULL,'1',1,1);
/*!40000 ALTER TABLE `system_role` ENABLE KEYS */;
UNLOCK TABLES;

--
-- Table structure for table `system_role_dept`
--

DROP TABLE IF EXISTS `system_role_dept`;
/*!40101 SET @saved_cs_client     = @@character_set_client */;
/*!50503 SET character_set_client = utf8mb4 */;
CREATE TABLE `system_role_dept` (
  `role_id` bigint NOT NULL COMMENT '角色id',
  `dept_id` bigint NOT NULL,
  PRIMARY KEY (`role_id`,`dept_id`)
) ENGINE=InnoDB DEFAULT CHARSET=utf8mb4 COLLATE=utf8mb4_0900_ai_ci;
/*!40101 SET character_set_client = @saved_cs_client */;

--
-- Dumping data for table `system_role_dept`
--

LOCK TABLES `system_role_dept` WRITE;
/*!40000 ALTER TABLE `system_role_dept` DISABLE KEYS */;
INSERT INTO `system_role_dept` VALUES (2,1),(987654321,1);
/*!40000 ALTER TABLE `system_role_dept` ENABLE KEYS */;
UNLOCK TABLES;

--
-- Table structure for table `system_role_resource`
--

DROP TABLE IF EXISTS `system_role_resource`;
/*!40101 SET @saved_cs_client     = @@character_set_client */;
/*!50503 SET character_set_client = utf8mb4 */;
CREATE TABLE `system_role_resource` (
  `role_id` bigint NOT NULL COMMENT '角色id',
  `resource_id` bigint NOT NULL COMMENT '资源id',
  PRIMARY KEY (`role_id`,`resource_id`)
) ENGINE=InnoDB DEFAULT CHARSET=utf8mb4 COLLATE=utf8mb4_0900_ai_ci;
/*!40101 SET character_set_client = @saved_cs_client */;

--
-- Dumping data for table `system_role_resource`
--

LOCK TABLES `system_role_resource` WRITE;
/*!40000 ALTER TABLE `system_role_resource` DISABLE KEYS */;
INSERT INTO `system_role_resource` VALUES (2,101),(2,1007),(2,1008),(2,1009),(2,1010),(2,1011);
/*!40000 ALTER TABLE `system_role_resource` ENABLE KEYS */;
UNLOCK TABLES;

--
-- Table structure for table `system_user`
--

DROP TABLE IF EXISTS `system_user`;
/*!40101 SET @saved_cs_client     = @@character_set_client */;
/*!50503 SET character_set_client = utf8mb4 */;
CREATE TABLE `system_user` (
  `user_id` bigint NOT NULL AUTO_INCREMENT COMMENT '主键，雪花生成',
  `user_studentid` varchar(15) NOT NULL COMMENT '学号',
  `user_password` varchar(100) CHARACTER SET utf8mb4 COLLATE utf8mb4_0900_ai_ci NOT NULL COMMENT '密码',
  `user_name` varchar(100) NOT NULL COMMENT '姓名',
  `user_organization` varchar(100) DEFAULT NULL COMMENT '学院',
  `user_type` varchar(2) DEFAULT '01' COMMENT '用户类型（01普通用户 02 管理员 00系统管理员）',
  `user_phone` varchar(15) DEFAULT NULL COMMENT '电话',
  `user_email` varchar(50) CHARACTER SET utf8mb4 COLLATE utf8mb4_0900_ai_ci DEFAULT NULL COMMENT '邮箱',
  `user_score` int DEFAULT '100' COMMENT '评价分数',
  `user_description` varchar(500) DEFAULT NULL COMMENT '简介',
  `user_picture1` varchar(200) DEFAULT NULL COMMENT '个人图片1',
  `user_picture2` varchar(200) DEFAULT NULL COMMENT '个人图片2',
  `user_picture3` varchar(200) DEFAULT NULL COMMENT '个人图片3',
  `status` char(1) DEFAULT '0' COMMENT '账号状态（0启用 1停用）',
  `del_flag` char(1) CHARACTER SET utf8mb4 COLLATE utf8mb4_0900_ai_ci DEFAULT '0' COMMENT '删除标志（0存在 2删除）',
  `create_time` datetime DEFAULT NULL COMMENT '创建时间',
  `create_by` varchar(100) DEFAULT NULL COMMENT '创建人',
  `update_time` datetime DEFAULT NULL COMMENT '更新时间',
  `update_by` varchar(100) DEFAULT NULL COMMENT '更新人',
  `remark` varchar(500) DEFAULT NULL COMMENT '备注',
  `user_sex` char(1) DEFAULT '2' COMMENT '0男1女 2 未知',
  `dept_id` bigint DEFAULT NULL COMMENT '部门id',
  `user_campus` varchar(50) CHARACTER SET utf8mb4 COLLATE utf8mb4_0900_ai_ci DEFAULT NULL COMMENT '校区（0=北校区  1=南校区）',
  `user_qq` varchar(50) DEFAULT NULL COMMENT 'qq',
  `user_wechat` varchar(50) DEFAULT NULL COMMENT '微信号',
  PRIMARY KEY (`user_id`)
) ENGINE=InnoDB AUTO_INCREMENT=123456791 DEFAULT CHARSET=utf8mb4 COLLATE=utf8mb4_0900_ai_ci;
/*!40101 SET character_set_client = @saved_cs_client */;

--
-- Dumping data for table `system_user`
--

LOCK TABLES `system_user` WRITE;
/*!40000 ALTER TABLE `system_user` DISABLE KEYS */;
INSERT INTO `system_user` VALUES (123456788,'2020014759','$2a$10$kp9NhQ3S6VA2FeFCZVIeeupwaHnye.skLSnuf59PkqBCuAyy0bgyW','何嘉乐1号','食品学院','01',NULL,NULL,100,NULL,NULL,NULL,NULL,'0','0','2024-02-15 14:50:34','123456789','2024-02-16 12:02:51',NULL,NULL,'2',1,'0',NULL,NULL),(123456789,'2020014588','$2a$10$kp9NhQ3S6VA2FeFCZVIeeupwaHnye.skLSnuf59PkqBCuAyy0bgyW','何嘉乐','信息学院','00','13474259279','test@qq.com',0,'anim labore veniam enim officia','http://dummyimage.com/400x400','http://dummyimage.com/400x400','http://dummyimage.com/400x400','0','0','2024-02-09 16:18:04','123456789','2024-03-22 18:33:52','何嘉乐',NULL,'2',1,'0',NULL,NULL),(123456790,'2020014100','$2a$10$xkLjJM4Nztz/Ra4S39EgQef4dHkio.t6nSU3GyfJTLYxcqef.5Lym','何嘉乐2号',NULL,'01','12312341234','test2@qq.com',95,'fhgjghjv',NULL,NULL,NULL,'0','0','2024-02-15 18:01:57','123456789',NULL,NULL,NULL,'2',1,'0',NULL,NULL);
/*!40000 ALTER TABLE `system_user` ENABLE KEYS */;
UNLOCK TABLES;

--
-- Table structure for table `system_user_role`
--

DROP TABLE IF EXISTS `system_user_role`;
/*!40101 SET @saved_cs_client     = @@character_set_client */;
/*!50503 SET character_set_client = utf8mb4 */;
CREATE TABLE `system_user_role` (
  `user_id` bigint NOT NULL COMMENT '用户id',
  `role_id` bigint NOT NULL COMMENT '角色id',
  PRIMARY KEY (`user_id`,`role_id`)
) ENGINE=InnoDB DEFAULT CHARSET=utf8mb4 COLLATE=utf8mb4_0900_ai_ci COMMENT='用户角色关联表';
/*!40101 SET character_set_client = @saved_cs_client */;

--
-- Dumping data for table `system_user_role`
--

LOCK TABLES `system_user_role` WRITE;
/*!40000 ALTER TABLE `system_user_role` DISABLE KEYS */;
INSERT INTO `system_user_role` VALUES (123456788,2);
/*!40000 ALTER TABLE `system_user_role` ENABLE KEYS */;
UNLOCK TABLES;

--
-- Dumping routines for database 'yizhanshi-system'
--
/*!40103 SET TIME_ZONE=@OLD_TIME_ZONE */;

/*!40101 SET SQL_MODE=@OLD_SQL_MODE */;
/*!40014 SET FOREIGN_KEY_CHECKS=@OLD_FOREIGN_KEY_CHECKS */;
/*!40014 SET UNIQUE_CHECKS=@OLD_UNIQUE_CHECKS */;
/*!40101 SET CHARACTER_SET_CLIENT=@OLD_CHARACTER_SET_CLIENT */;
/*!40101 SET CHARACTER_SET_RESULTS=@OLD_CHARACTER_SET_RESULTS */;
/*!40101 SET COLLATION_CONNECTION=@OLD_COLLATION_CONNECTION */;
/*!40111 SET SQL_NOTES=@OLD_SQL_NOTES */;

-- Dump completed on 2024-03-25 17:45:50
